area_k,PropType,SpecArea,PresentUse,kca_area,n,av_bn,av_share
1,R,,2,1,2,0.006194,0.885680279156035
1,R,,300,1,2,0.000799494318177961,0.114319720843965
10,C,100,11,10,186,0.726263581359842,0.234862357048995
10,C,100,16,10,28,0.28135381266741,0.0909854511554379
10,C,,106,10,81,0.222739011923366,0.0720303353902673
10,C,,101,10,66,0.147085116145836,0.0475650410559695
10,C,153,49,10,8,0.137893011923366,0.0445924573834039
10,C,,309,10,38,0.126606129083504,0.0409424548560259
10,C,,153,10,1,0.1097186,0.0354812903599915
10,C,250,63,10,1,0.1062346,0.0343546188966826
10,C,250,61,10,2,0.0954223,0.0308580890853348
10,C,280,106,10,3,0.0940828,0.0304249155993698
10,C,,63,10,1,0.0753567,0.0243691858378686
10,C,,122,10,19,0.0718796,0.0232447457273429
10,C,,216,10,35,0.0693903,0.022439744787729
10,C,,161,10,13,0.0633664126674096,0.0204917132275057
10,C,250,62,10,1,0.057612,0.0186308255867267
10,C,,195,10,27,0.048339698,0.0156323071990738
10,C,608,252,10,6,0.0453446,0.014663739045683
10,C,102,10,10,3,0.0439324,0.0142070555093785
10,C,100,309,10,5,0.0388754161458363,0.0125717055096941
10,C,105,5,10,35,0.0346870039744555,0.0112172380957817
10,C,,96,10,13,0.0342253,0.0110679302047038
10,C,,162,10,6,0.0311094,0.0100602965616142
10,C,160,51,10,1,0.0276627,0.00894568733871319
10,C,,183,10,17,0.0276496039624702,0.00894145228367092
10,C,,16,10,17,0.0255689,0.00826858495355926
10,C,250,105,10,1,0.0253223,0.00818883834539279
10,C,,159,10,21,0.0245003662112766,0.00792303772986924
10,C,,145,10,2,0.0238757,0.00772103038361818
10,C,250,191,10,1,0.022504,0.00727744391799794
10,C,,301,10,23,0.0223178795537977,0.00721725545775844
10,C,,11,10,9,0.0186150727442772,0.00601982527221514
10,C,413,171,10,5,0.0181056,0.00585506970323958
10,C,,60,10,1,0.0173085,0.00559729994910538
10,C,410,168,10,5,0.0168102142385989,0.00543616207656125
10,C,,264,10,4,0.0144566119233664,0.00467504365964094
10,C,,180,10,9,0.0113263721091198,0.00366277274344542
10,C,,6,10,12,0.0100469119233664,0.00324901520046943
10,C,100,29,10,1,0.0088865,0.00287375601569893
10,C,,165,10,20,0.00787462429068702,0.00254653113449961
10,C,,193,10,1,0.006956,0.00224946231308184
10,C,100,159,10,4,0.00657737436047482,0.00212702066459443
10,C,,156,10,2,0.00572290397445548,0.00185069821908049
10,C,,190,10,3,0.0050173,0.00162251685788176
10,C,,105,10,1,0.0047086,0.00152268807466606
10,C,,246,10,2,0.0045001,0.00145526241447665
10,C,410,186,10,2,0.0044881,0.00145138180094057
10,C,,267,10,1,0.0044567,0.00144122752885449
10,C,174,59,10,1,0.0043451,0.00140513782296893
10,C,105,11,10,5,0.00433500397445548,0.00140187292518654
10,C,,188,10,3,0.0037904,0.00122575646226357
10,C,,163,10,1,0.0034317,0.00110975845598087
10,C,,266,10,9,0.0033750357700993,0.00109143412451718
10,C,,223,10,3,0.003312,0.00107104933595846
10,C,,185,10,5,0.00312641589782191,0.00101103432104231
10,C,100,6,10,3,0.00305724442426851,0.000988665341327143
10,C,,300,10,7,0.00296827312922409,0.000959893407004471
10,C,,56,10,5,0.00291801589782191,0.00094364099929903
10,C,,137,10,2,0.00272244258655648,0.000880395629382957
10,C,410,343,10,1,0.0026971,0.000872200230680424
10,C,,9,10,4,0.00267300110848759,0.000864407023629788
10,C,,184,10,7,0.00262502782118835,0.000848893207957809
10,C,,149,10,7,0.00262502782118835,0.000848893207957809
10,C,153,159,10,1,0.00241460422246988,0.000780845485832989
10,C,,160,10,1,0.0019244,0.000622321057402917
10,C,,194,10,1,0.0014852,0.000480290601982339
10,C,,245,10,1,0.0014626,0.000472982113156052
10,C,,2,10,3,0.00145060794891096,0.000469104070174258
10,C,,339,10,1,0.0013575,0.000438994406269206
10,C,,167,10,1,0.0013163,0.000425670966461993
10,C,,172,10,3,0.00112501192336643,0.000363811374839061
10,C,,57,10,1,0.0010279,0.000332406887811504
10,C,100,18,10,2,0.00102547468692302,0.000331622579248524
10,C,,341,10,1,0.000981,0.000317240156574653
10,C,,182,10,2,0.000750007948910956,0.000242540916559374
10,C,,332,10,3,0.000452134612672427,0.000146213308172294
10,C,100,101,10,1,0.000375003974455478,0.000121270458279687
10,C,,171,10,1,0.0003388,0.000109562655502031
10,C,,0,10,1,0.0000294643191084745,0.00000952830296364729
11,R,,2,11,5980,8.71614868638559,0.915638922404807
11,R,,29,11,695,0.534650248818164,0.0561654688676875
11,R,,300,11,225,0.0931970023301024,0.00979042531917612
11,R,,3,11,83,0.085434407948911,0.0089749580973558
11,R,,4,11,43,0.0560057,0.00588344699495851
11,R,,57,11,5,0.007405,0.000777901624257313
11,R,,6,11,6,0.006742,0.00070825290354393
11,R,,149,11,17,0.00637506755375781,0.000669706334209087
11,R,,172,11,2,0.00489200397445548,0.000513909228575577
11,R,,301,11,6,0.00474309673771968,0.000498266395176462
11,R,,266,11,5,0.00187501984830676,0.000196972449090145
11,R,,334,11,2,0.00075000793692564,0.0000787889793842446
11,R,,330,11,1,0.000485926638587992,0.000051047011671505
11,R,,332,11,4,0.000464899931780902,0.0000488381380215364
11,R,,0,11,1,0.0000294643191084745,0.00000309525208536369
12,R,,2,12,4922,7.63934995612631,0.681271390131001
12,R,,29,12,1419,1.36212257449387,0.12147305008721
12,R,,3,12,343,0.383637146141658,0.0342124674689397
12,C,,146,12,140,0.33586475309633,0.0299521619708554
12,C,,106,12,29,0.276796811923366,0.0246845281242334
12,R,,4,12,164,0.226434015897822,0.0201932124682866
12,C,280,106,12,5,0.183731,0.0163849901495584
12,C,,271,12,36,0.14941548345158,0.0133247586120232
12,C,,246,12,14,0.124936351812125,0.0111417283624616
12,C,250,104,12,1,0.0634077,0.00565465022182514
12,R,,300,12,123,0.0603513041826289,0.00538208317891579
12,C,,183,12,7,0.0575155,0.00512918832938876
12,C,,195,12,9,0.0523476119233664,0.00466832002066753
12,C,,210,12,1,0.0407815,0.00363686299962563
12,C,,309,12,21,0.0358563484759289,0.00319764175113197
12,C,,96,12,1,0.0328334,0.00292805751656776
12,C,,245,12,4,0.027754,0.00247508050688694
12,C,,166,12,3,0.0230657,0.00205698149627809
12,C,800,106,12,1,0.019023,0.00169645660022016
12,R,,301,12,22,0.0142575228474122,0.00127147499013206
12,R,,6,12,10,0.0101630119233664,0.000906329635468177
12,C,,149,12,27,0.0101251072503713,0.000902949325702013
12,C,280,159,12,1,0.009909,0.000883677046290361
12,C,100,11,12,3,0.007939,0.000707993952013238
12,C,,316,12,4,0.00779211192336643,0.000694894585609482
12,C,,172,12,20,0.00750007946513893,0.000668851354192851
12,C,,9,12,1,0.0057334,0.000511300229811399
12,C,,262,12,4,0.00471171192336643,0.000420186868040319
12,C,,266,12,5,0.0043337158858366,0.000386477470325734
12,C,,159,12,1,0.0040011,0.000356815039853907
12,C,,334,12,11,0.00378000503969262,0.000337097960282395
12,C,,247,12,2,0.00319220397445548,0.00028467831055638
12,C,,101,12,1,0.0030892,0.00027549249484309
12,R,,9,12,2,0.00297614366875142,0.000265410217634273
12,C,,6,12,2,0.0027283,0.000243307708688464
12,R,,0,12,6,0.00268003237052377,0.000239003238383995
12,C,,7,12,2,0.0025778,0.000229886233719577
12,C,,2,12,1,0.002547,0.000227139513260828
12,R,,5,12,1,0.001691,0.00015080208752417
12,C,160,51,12,4,0.00150001589782191,0.000133770271266107
12,C,105,11,12,1,0.00114,0.00010166432866798
12,C,,300,12,2,0.000750007948910956,0.0000668851356330533
12,R,,149,12,2,0.000750007948910956,0.0000668851356330533
12,C,,184,12,1,0.000375003974455478,0.0000334425678165267
12,C,,332,12,1,0.000375003974455478,0.0000334425678165267
12,C,,180,12,1,0.000375003974455478,0.0000334425678165267
12,C,,337,12,1,0.000375003974455478,0.0000334425678165267
12,C,,261,12,1,0.000375003974455478,0.0000334425678165267
12,C,,0,12,1,0.000375003974455478,0.0000334425678165267
12,R,,332,12,1,0.0000309653191084745,0.00000276146349048494
13,R,,2,13,4508,7.12101941241779,0.762913454620622
13,R,,29,13,1688,1.54404238106617,0.16542163962728
13,R,,3,13,268,0.330758164775843,0.0354359171796498
13,R,,4,13,127,0.180041,0.0192887693921783
13,R,,300,13,109,0.073819812943868,0.0079087171724663
13,R,,6,13,47,0.0464890119113811,0.00498062013668475
13,R,,301,13,19,0.0201790213388791,0.00216188806530447
13,R,,0,13,11,0.00734485436263628,0.00078689410756453
13,R,,272,13,1,0.004543,0.000486716244348042
13,R,,340,13,1,0.002553,0.000273516744842736
13,R,,122,13,1,0.001237,0.000132526523059328
13,R,,9,13,1,0.00077,0.0000824942787030579
13,R,,149,13,2,0.000750007948910956,0.0000803524217752847
13,R,,57,13,1,0.000375003974455478,0.0000401762108876424
13,R,,309,13,1,0.0000589653191084745,0.0000063172746342198
14,R,,2,14,4383,9.88795113201788,0.719693920975491
14,C,100,11,14,316,1.34448258385605,0.097858082988033
14,C,100,16,14,27,0.285863564573932,0.0208065621386479
14,R,,300,14,185,0.225324754655003,0.0164002485454644
14,C,,195,14,78,0.182273227821188,0.0132667457866693
14,C,,106,14,35,0.163797807948911,0.0119220134764041
14,C,,101,14,75,0.117991164184155,0.00858797969957483
14,C,608,252,14,6,0.111458514238599,0.00811250117112075
14,C,153,49,14,11,0.102761869647386,0.00747951642416814
14,C,160,51,14,14,0.097548307948911,0.00710004765344641
14,R,,29,14,88,0.0865992390384588,0.00630312033958882
14,C,250,105,14,3,0.0773212,0.00562781883319986
14,R,,3,14,54,0.0750460505444972,0.0054622222186359
14,C,,216,14,44,0.0665095039744555,0.00484089019640437
14,C,250,60,14,5,0.0561028142385989,0.00408343991773925
14,C,,246,14,23,0.0551985928000569,0.00401762621540134
14,C,,161,14,13,0.0542780182130544,0.00395062225014864
14,C,,96,14,13,0.0414699,0.00301838414601577
14,R,,166,14,1,0.0412,0.00299873949095247
14,C,174,59,14,4,0.0373739042224699,0.00272025734279116
14,C,105,5,14,37,0.0370650119233664,0.00269777463561221
14,C,,60,14,5,0.0369891158978219,0.00269225054801496
14,C,,309,14,30,0.0366902179775574,0.00267049528109116
14,C,410,168,14,10,0.0321119085657594,0.00233726330936888
14,C,413,171,14,9,0.0299966534235842,0.00218330459266303
14,C,,183,14,20,0.0282027042224699,0.00205273210931001
14,C,,191,14,3,0.0266472,0.00193951482920652
14,R,,4,14,14,0.025159,0.00183119628283673
14,C,,159,14,26,0.0251553434418796,0.00183093014047662
14,C,100,18,14,6,0.0207895312994221,0.00151316476956237
14,C,250,159,14,2,0.0168641228183257,0.00122745415232005
14,C,,122,14,13,0.0159483238467329,0.0011607977799441
14,C,,165,14,31,0.0156319388229653,0.00113776971525677
14,C,,104,14,2,0.0151426,0.00110215321882759
14,C,,16,14,10,0.013745,0.00100042898794033
14,C,,145,14,1,0.0129588,0.000943205468819293
14,C,,193,14,5,0.011631269293564,0.000846581227196919
14,C,,137,14,3,0.0113098826839545,0.000823189122388689
14,C,,38,14,2,0.0110164,0.000801828003109922
14,C,102,10,14,5,0.0110065634777935,0.000801112052440157
14,C,,179,14,11,0.0107424306871562,0.000781887163359104
14,C,,301,14,13,0.01060733411892,0.000772054167867308
14,C,,105,14,1,0.0094291,0.000686296469275241
14,C,,266,14,18,0.00920796756574313,0.000670201358514646
14,C,410,186,14,3,0.0084124,0.00061229602169147
14,C,,180,14,5,0.00830030406134149,0.000604137125622765
14,C,250,191,14,4,0.00810504271579684,0.00058992504047856
14,C,,190,14,4,0.0078939,0.000574557030767712
14,C,,162,14,4,0.0070116,0.000510338878999086
14,C,100,301,14,2,0.00697311163741019,0.000507537505871898
14,C,,9,14,6,0.0069522,0.000506015453616499
14,C,,3,14,8,0.0065757,0.000478611924045053
14,C,,6,14,7,0.0064871,0.000472163178440723
14,C,,57,14,6,0.00582341987227739,0.000423857260762029
14,R,,272,14,2,0.005346,0.000389108284432813
14,C,,184,14,12,0.00450004769346574,0.000327535697319546
14,C,105,11,14,4,0.004396,0.000319962592287065
14,C,,171,14,4,0.0042369,0.000308382508476129
14,C,100,5,14,4,0.004164,0.000303076486415682
14,C,,172,14,11,0.00412504371901026,0.00030024105587625
14,C,102,16,14,1,0.0037263,0.000271218518571267
14,C,,339,14,1,0.003691,0.000268649210221009
14,C,,149,14,8,0.00300003179564382,0.000218357131546364
14,R,,149,14,8,0.00300003179564382,0.000218357131546364
14,C,,163,14,2,0.00291850397445548,0.00021242313404615
14,C,,316,14,2,0.00280380819692536,0.000204075008863503
14,C,,185,14,6,0.00264501987227739,0.000192517610324084
14,C,,2,14,4,0.00235690794891096,0.000171547401527647
14,C,250,180,14,1,0.00225880422246988,0.000164406927773073
14,C,100,159,14,3,0.00217693286383884,0.000158447925921014
14,R,,301,14,1,0.00213780422246988,0.000155599950141878
14,C,,223,14,1,0.0020793,0.000151341723872269
14,C,250,186,14,1,0.002005,0.00014593380289708
14,C,250,162,14,1,0.0018321,0.000133349286926554
14,R,,6,14,1,0.001818,0.000132323019285233
14,C,,188,14,2,0.0014752,0.000107372342161483
14,C,102,11,14,1,0.00139211423859895,0.000101324950077764
14,C,100,309,14,1,0.0011432006771956,0.0000832077916696618
14,C,,167,14,1,0.0010339,0.0000752523485363048
14,C,,150,14,1,0.0010261,0.0000746846260113187
14,C,250,101,14,1,0.0010237,0.0000745099421574768
14,C,,0,14,2,0.00102350682843805,0.0000744958821771045
14,C,105,4,14,1,0.00085,0.0000618671982356699
14,C,,157,14,2,0.000750007948910956,0.0000545892828865909
14,C,,300,14,2,0.000750007948910956,0.0000545892828865909
14,R,,334,14,2,0.000750007948910956,0.0000545892828865909
14,C,105,2,14,2,0.000750007948910956,0.0000545892828865909
14,C,413,309,14,1,0.0007477459906877,0.0000544246463950627
14,C,,166,14,1,0.000375003974455478,0.0000272946414432955
14,C,,189,14,1,0.000375003974455478,0.0000272946414432955
14,C,,156,14,1,0.000375003974455478,0.0000272946414432955
14,C,,142,14,1,0.000375003974455478,0.0000272946414432955
14,C,,173,14,1,0.000375003974455478,0.0000272946414432955
14,C,,160,14,1,0.000375003974455478,0.0000272946414432955
14,C,,147,14,1,0.000375003974455478,0.0000272946414432955
14,C,280,106,14,1,0.000375003974455478,0.0000272946414432955
14,C,,56,14,1,0.000375003974455478,0.0000272946414432955
14,C,,267,14,1,0.000375003974455478,0.0000272946414432955
14,C,,11,14,1,0.0002363,0.0000171990811095162
14,C,,330,14,1,0.0000513653191084745,0.00000373862162320287
15,R,,2,15,4016,3.81831905606198,0.537205714946124
15,R,,29,15,3113,2.32600582409212,0.327249662313178
15,R,,3,15,389,0.381351407758629,0.0536529694461865
15,C,,7,15,53,0.172758644727031,0.0243057036070277
15,R,,4,15,121,0.140527105082943,0.0197709942115864
15,R,,5,15,87,0.104891015897822,0.014757293028553
15,R,,300,15,125,0.0701826210516922,0.00987411071869716
15,R,,301,15,60,0.0452582235971838,0.00636745541892767
15,R,,6,15,25,0.0226171436687514,0.00318204389319466
15,C,,2,15,2,0.0134834,0.0018970021704721
15,R,,149,15,21,0.00787508346356504,0.00110795870648589
15,R,,309,15,2,0.00243154255569366,0.000342097802167566
15,R,,332,15,2,0.000750007924940324,0.000105519873435712
15,R,,9,15,1,0.00042,0.0000590905047390334
15,C,,337,15,1,0.000375003974455478,0.00005275993840409
15,C,,300,15,1,0.000375003962470162,0.0000527599367178558
15,R,,330,15,4,0.000119861276433898,0.0000168634841027235
16,R,,2,16,5414,6.56405056489583,0.851683759679739
16,R,,29,16,675,0.559255535695381,0.072563252301867
16,R,,3,16,203,0.238175315990515,0.0309031818966389
16,R,,300,16,456,0.204336263070085,0.02651257406534
16,R,,4,16,68,0.0925213011084876,0.0120046134318267
16,R,,6,16,15,0.0199314050829431,0.00258609434051643
16,R,,301,16,11,0.0107198342134775,0.00139089554777415
16,R,,334,16,22,0.00825008741404988,0.00107044657822437
16,R,,0,16,8,0.00403725915350381,0.000523833267380099
16,R,,57,16,2,0.003109,0.000403391896918809
16,R,,20,16,2,0.002609,0.00033851703411424
16,R,,335,16,5,0.000149826595542373,0.0000194399596605741
17,R,,2,17,6076,5.9255229333117,0.371171725687635
17,C,100,11,17,488,2.19388508124797,0.137423839335655
17,C,100,16,17,103,0.939410951988644,0.058844221531789
17,C,101,11,17,32,0.908185975425177,0.0568883049711656
17,C,,101,17,146,0.513412211923366,0.032159878348863
17,C,,106,17,77,0.340025227821188,0.0212990063506827
17,C,250,61,17,5,0.319250889846178,0.0199977124458267
17,C,280,106,17,13,0.305697346419446,0.0191487254180994
17,C,,341,17,168,0.248750307948911,0.015581592056235
17,C,800,106,17,9,0.245144935305508,0.01535575335797
17,C,101,16,17,7,0.228084612419395,0.0142871034585952
17,C,,16,17,86,0.224402007948911,0.0140564269981851
17,C,,342,17,49,0.2172555563564,0.01360877692578
17,C,101,10,17,18,0.214574217581332,0.0134408192363919
17,C,153,49,17,8,0.189445032820487,0.0118667399563387
17,C,160,51,17,5,0.1770284,0.0110889684274663
17,C,102,10,17,37,0.175143432559503,0.0109708950311385
17,C,250,60,17,2,0.1329401,0.00832729986625996
17,C,,159,17,46,0.130421559932268,0.00816953980462922
17,R,,29,17,191,0.12789800396247,0.0080114655494587
17,C,100,301,17,14,0.125531536915673,0.00786323126407524
17,C,,195,17,36,0.124050815897822,0.00777047965689338
17,C,,122,17,28,0.116856315897822,0.00731981985681946
17,R,,300,17,220,0.114502105296064,0.00717235330888418
17,C,,183,17,53,0.1071342,0.00671083148976019
17,C,,161,17,10,0.0903254520601394,0.00565794011634014
17,C,,301,17,49,0.0833522608251017,0.00522114298410588
17,C,,96,17,16,0.0820106,0.00513710203626971
17,C,,309,17,42,0.0723893503100074,0.00453443187687665
17,C,410,168,17,11,0.072351,0.00453202963307365
17,C,,162,17,12,0.071567,0.00448292027408304
17,C,250,191,17,4,0.0634262,0.00397298472603359
17,C,250,63,17,3,0.0582451478376695,0.0036484462686497
17,C,,180,17,21,0.0533861611766979,0.00334408182953713
17,C,105,5,17,34,0.0512107,0.00320781205415882
17,C,,216,17,19,0.0503398,0.00315325932361683
17,C,,10,17,21,0.0419351732806813,0.00262679780481439
17,R,,3,17,38,0.0409625011084876,0.00256587011746179
17,C,800,122,17,1,0.04057,0.00254128404878714
17,C,,246,17,13,0.037887807948911,0.00237327291062553
17,C,,191,17,3,0.0348017,0.00217996068722394
17,C,,173,17,2,0.0315515,0.00197636982167383
17,C,,9,17,23,0.0314587,0.00197055687714025
17,C,100,180,17,2,0.0309208042224699,0.00193686336076492
17,C,,165,17,51,0.026094182824952,0.00163452626520054
17,C,413,171,17,6,0.0260715,0.00163310542464762
17,C,,51,17,1,0.026001,0.00162868934070777
17,C,,60,17,1,0.0251691,0.00157657955021761
17,C,100,17,17,3,0.02425667,0.00151942540171786
17,C,,156,17,4,0.023907607948911,0.00149756033337993
17,C,,6,17,16,0.0234987476432069,0.00147194953295923
17,C,608,252,17,3,0.0233262,0.00146114123684541
17,C,250,159,17,4,0.0231096123848285,0.00144757429941381
17,C,250,182,17,1,0.021858,0.00136917393981733
17,C,100,309,17,8,0.0209775386547344,0.00131402229149845
17,C,,190,17,6,0.0192132,0.00120350502061023
17,C,,4,17,13,0.0186044081969254,0.00116537061345751
17,C,102,11,17,2,0.0185831,0.00116403587890107
17,C,100,18,17,13,0.0177369767378436,0.0011110351505445
17,C,100,5,17,7,0.0173882164064134,0.00108918898177168
17,C,,188,17,9,0.016542,0.0010361824189065
17,C,,57,17,10,0.0117386404443586,0.000735302433219033
17,C,,184,17,28,0.0105001112847534,0.000657721600158579
17,C,410,186,17,2,0.0098606,0.000617662940386257
17,C,100,159,17,5,0.00881496117686567,0.000552164659340562
17,C,,339,17,5,0.0087641,0.00054897874123676
17,C,,171,17,5,0.00826224366875142,0.000517542717342629
17,C,,145,17,4,0.00806800794891096,0.000505375891201756
17,C,100,2,17,5,0.00793143692213765,0.000496821151939604
17,C,,274,17,1,0.0075128,0.000470597949266157
17,R,,4,17,4,0.007103,0.000444928286875401
17,C,250,101,17,2,0.007042,0.000441107278076387
17,C,,172,17,18,0.0067500715401986,0.000422821028673373
17,C,,189,17,4,0.0063469221875099,0.000397567959428446
17,C,,194,17,2,0.0056153,0.000351739519821405
17,C,,167,17,3,0.0055708,0.00034895206258278
17,R,,334,17,26,0.00526460081633138,0.000329771902336078
17,C,,3,17,3,0.0051396,0.000321941915137943
17,C,,261,17,13,0.00487505157203869,0.000305370736924737
17,R,,6,17,5,0.00429600397445548,0.000269099491590087
17,C,,185,17,10,0.00403058665639455,0.000252473886545471
17,C,100,106,17,1,0.00395534711119895,0.000247760919918811
17,C,,149,17,10,0.00375003974455478,0.000234900571485207
17,C,100,6,17,3,0.00343855790735036,0.000215389508523055
17,C,,266,17,9,0.0033750357700993,0.000211410514336686
17,C,,11,17,3,0.00324080397445548,0.000203002303315989
17,C,100,3,17,2,0.00286542847719789,0.000179488974169175
17,C,101,159,17,1,0.00283930434328953,0.000177852571783429
17,C,102,301,17,1,0.00283500434328953,0.000177583221982843
17,C,,29,17,1,0.0027223,0.000170523479566508
17,C,,193,17,5,0.00263311589782191,0.000164937033022988
17,C,,147,17,2,0.0025888,0.000162161107850632
17,C,100,4,17,2,0.00258523486983747,0.000161937789920785
17,R,,57,17,2,0.002555,0.000160043893139047
17,C,102,341,17,2,0.00246711423859895,0.000154538773997711
17,C,,223,17,1,0.0023308,0.000146000119815456
17,C,,56,17,6,0.00225002384673287,0.000140940342891124
17,C,,300,17,5,0.00224766840689397,0.000140792799344403
17,C,,166,17,1,0.002188,0.000137055200856452
17,C,250,122,17,1,0.0019477,0.000122002931767875
17,R,,266,17,5,0.00187501982433613,0.000117450282739587
17,C,,272,17,1,0.001737,0.000108804791539149
17,C,,2,17,2,0.00131258546300138,0.0000822196820260114
17,C,,332,17,3,0.00112501192336643,0.0000704701714455621
17,R,,5,17,1,0.001087,0.0000680891240086669
17,R,,8,17,1,0.000848,0.0000531182862551514
17,C,,330,17,2,0.000750007948910956,0.0000469801142970414
17,R,,149,17,2,0.000750007948910956,0.0000469801142970414
17,C,,316,17,2,0.000750007948910956,0.0000469801142970414
17,C,,273,17,1,0.000375003974455478,0.0000234900571485207
17,C,,179,17,1,0.000375003974455478,0.0000234900571485207
17,C,,328,17,1,0.000375003974455478,0.0000234900571485207
17,C,100,56,17,1,0.000375003974455478,0.0000234900571485207
17,C,,182,17,1,0.000375003974455478,0.0000234900571485207
17,C,280,122,17,1,0.000375003974455478,0.0000234900571485207
18,R,,2,18,3992,2.5993973629292,0.689184570712558
18,R,,29,18,1121,0.679421567705162,0.180136699432548
18,R,,300,18,673,0.283640000048812,0.0752021658782743
18,R,,3,18,110,0.0721681058196542,0.0191341061346655
18,R,,6,18,129,0.0703323266994694,0.0186473815334518
18,R,,4,18,33,0.026320007948911,0.00697828798248088
18,R,,301,18,33,0.0175639982357946,0.00465678574455873
18,R,,149,18,21,0.00787508346356504,0.00208794011010561
18,R,,316,18,7,0.00465840872122598,0.00123509528036295
18,R,,0,18,11,0.00363653738001563,0.000964164036198765
18,R,,309,18,5,0.0032834774724572,0.000870556400715024
18,R,,8,18,2,0.000888,0.000235437608547509
18,R,,5,18,1,0.00078,0.000206803304805244
18,R,,57,18,1,0.000721,0.000191160490723822
18,R,,193,18,1,0.000639,0.000169419630475065
18,R,,266,18,1,0.000375003974455478,0.0000994257195288388
19,R,,2,19,4363,4.34504705702926,0.326038053588179
19,C,100,11,19,697,2.12605076723774,0.159531863494656
19,R,,29,19,1930,1.60660139109018,0.120554089188907
19,C,100,16,19,130,1.27327271430629,0.0955422005816411
19,C,,101,19,241,0.513515185838751,0.0385324921643791
19,C,,195,19,100,0.222562445337727,0.0167003545709239
19,C,,16,19,101,0.213731711881806,0.0160377253496668
19,R,,3,19,186,0.203118327821188,0.0152413318847193
19,C,153,49,19,11,0.191287746938267,0.0143536039698639
19,C,,106,19,69,0.188126006573145,0.0141163573621597
19,C,,223,19,67,0.166712770356138,0.0125095784790812
19,C,,246,19,35,0.14320884783767,0.0107459213658143
19,C,105,5,19,105,0.136692003974455,0.0102569188162877
19,R,,6,19,132,0.128476866668192,0.00964048190728795
19,R,,4,19,95,0.125055711923366,0.00938376969695125
19,C,,309,19,54,0.116843533070628,0.00876755478058269
19,C,,159,19,72,0.111745937169971,0.0083850479346003
19,C,,216,19,60,0.1046646,0.00785368766222674
19,C,,183,19,53,0.094299,0.00707588709898399
19,C,608,252,19,6,0.0823042,0.00617583672119744
19,C,,162,19,14,0.0814165,0.00610922663012789
19,C,250,191,19,2,0.0694824,0.00521373098088469
19,C,,122,19,24,0.0643962924118506,0.00483208618012295
19,C,,96,19,9,0.0620179,0.00465361942879648
19,C,250,104,19,1,0.0593218,0.00445131294402388
19,C,,60,19,3,0.0582302,0.00436940286695784
19,C,250,101,19,3,0.049373014238599,0.00370478875161831
19,C,102,10,19,12,0.0473285284771979,0.00355137725814379
19,C,280,106,19,1,0.0435896,0.00327082035111584
19,C,,316,19,32,0.0396035035018524,0.00297171676797553
19,C,,104,19,2,0.0342087,0.0025669084402063
19,C,410,168,19,10,0.0319139,0.0023947141887853
19,C,,165,19,58,0.0305980799292928,0.00229597937438747
19,C,,161,19,12,0.0300458469382667,0.00225454162534628
19,C,,180,19,19,0.0297584410886975,0.00223297563479347
19,C,,105,19,4,0.0291603,0.00218809309295436
19,C,,191,19,7,0.0284652,0.00213593507301243
19,C,,9,19,30,0.0279328039744555,0.00209598582467787
19,C,160,51,19,5,0.0270534,0.00202999824010491
19,C,,171,19,13,0.0193230042224699,0.00144993474258887
19,C,608,195,19,1,0.0190291,0.00142788113548687
19,R,,0,19,33,0.0188363156141459,0.00141341522865063
19,C,413,171,19,5,0.0185149,0.00138929725711809
19,C,,301,19,10,0.0169696460340499,0.00127334647712763
19,C,100,159,19,6,0.0150040767197909,0.0011258566145318
19,C,250,159,19,2,0.0142557956753391,0.00106970806376402
19,C,,166,19,7,0.013886807948911,0.00104202043724501
19,C,,188,19,9,0.0138439,0.00103880076575175
19,C,,145,19,2,0.0130679,0.000980572275642508
19,C,540,245,19,1,0.0126348,0.000948073874783856
19,C,410,186,19,3,0.0118619042224699,0.000890078315328458
19,C,100,309,19,7,0.00990555459755395,0.000743280267925572
19,C,,6,19,12,0.0089475,0.000671390999036673
19,R,,300,19,16,0.00832139243135065,0.000624409944438192
19,C,,2,19,5,0.00783660397445548,0.000588033011619382
19,C,,193,19,3,0.00770260397445548,0.00057797809193557
19,C,,245,19,4,0.0076955,0.000577445033035677
19,C,,300,19,9,0.00760396023133712,0.000570576189589557
19,C,,190,19,3,0.0071078,0.000533345956183611
19,C,,189,19,2,0.00698800397445548,0.000524356856069506
19,C,,3,19,6,0.0068079,0.000510842445637526
19,C,,194,19,2,0.006552,0.000491640550510006
19,C,,184,19,15,0.00562505961683217,0.000422085990029147
19,C,,167,19,2,0.0056169,0.000421473719194086
19,C,,332,19,16,0.00532778624463769,0.000399779573002643
19,C,105,11,19,4,0.005323,0.000399420428932351
19,C,,149,19,14,0.00525005564237669,0.000393946924027204
19,C,,266,19,13,0.00487505166792121,0.000365807858025261
19,C,,185,19,10,0.0045140357700993,0.000338718411329896
19,C,,341,19,3,0.0044653,0.000335061439284544
19,C,,252,19,2,0.00421039843607791,0.000315934463519508
19,C,,163,19,2,0.0041068,0.000308160777294642
19,C,100,5,19,3,0.004102,0.000307800601067162
19,C,,160,19,2,0.00409950397445548,0.000307613307512096
19,C,102,11,19,1,0.00393,0.000294894286249134
19,C,413,159,19,1,0.00392534711119895,0.000294545148762625
19,C,,147,19,3,0.00358360794891096,0.000268902164959496
19,C,,340,19,2,0.0031909,0.000239434650888641
19,C,,172,19,8,0.00300003179564382,0.000225112528015545
19,C,105,29,19,8,0.0030000316997613,0.000225112520820835
19,C,100,2,19,1,0.0029306,0.000219902594219265
19,R,,149,19,7,0.00262502782118835,0.000196973462013602
19,C,,173,19,1,0.0026009,0.000195162989594242
19,C,174,59,19,2,0.00244820397445548,0.000183705181587619
19,C,100,6,19,2,0.00244,0.000183089582302261
19,C,,4,19,2,0.0024119,0.000180981050637223
19,C,,51,19,1,0.002168,0.000162679596078403
19,R,,301,19,5,0.00203741250867357,0.00015288073983215
19,C,608,159,19,1,0.00199880422246988,0.000149983700900003
19,C,100,301,19,2,0.00198373869864923,0.000148853233496934
19,C,100,29,19,1,0.001841,0.000138142590581337
19,C,,157,19,3,0.00177288942366713,0.000133031796740701
19,R,,57,19,1,0.001649,0.000123735541482143
19,C,413,101,19,1,0.00162921423859895,0.000122250882961466
19,C,100,17,19,1,0.00148003,0.000111056587907711
19,C,105,3,19,1,0.001391,0.000104376069255101
19,C,,182,19,3,0.00116990794891096,0.0000877860482369681
19,C,,29,19,3,0.00110255,0.0000827317290849828
19,C,,339,19,1,0.0007933,0.0000595266252624524
19,C,,150,19,2,0.000750007948910956,0.0000562781320038863
19,C,,156,19,2,0.000750007948910956,0.0000562781320038863
19,C,,330,19,2,0.000405069293563952,0.0000303950687549574
19,C,,261,19,1,0.000375003974455478,0.0000281390660019431
20,C,100,11,20,708,3.35372007225408,0.309415039782456
20,C,100,16,20,79,1.13309121777332,0.104539274796671
20,C,280,106,20,13,0.884890051812125,0.0816401741009126
20,C,,106,20,207,0.866945160756827,0.0799845740328857
20,C,,195,20,165,0.518124126171753,0.0478022594783628
20,C,160,51,20,17,0.356648646034523,0.0329044919145448
20,C,800,106,20,4,0.343609,0.031701450960143
20,C,,101,20,84,0.274419703974456,0.025318029469668
20,C,540,106,20,3,0.2559713,0.0236159751757202
20,C,,309,20,82,0.178622012870647,0.0164797108964575
20,C,,183,20,47,0.17525705578658,0.0161692591271978
20,C,,180,20,37,0.160104786543882,0.0147713070353368
20,C,,316,20,79,0.146169097223208,0.0134855969066873
20,C,105,5,20,108,0.1422324,0.0131223962513888
20,C,153,49,20,10,0.130094423911068,0.0120025435882202
20,C,,246,20,32,0.125930099272222,0.0116183419714975
20,C,800,122,20,2,0.120744,0.0111398711754684
20,C,608,252,20,8,0.11177230422247,0.0103121403135855
20,C,280,316,20,4,0.0925395847950462,0.00853772488279454
20,C,100,25,20,2,0.0885199154016002,0.00816686919463645
20,C,,16,20,34,0.0768926039744555,0.00709413057892516
20,C,,96,20,34,0.0705864184610688,0.00651232035044398
20,C,,223,20,14,0.0691033039744555,0.00637548784266435
20,C,608,316,20,5,0.0679896021696664,0.0062727374398846
20,C,100,17,20,11,0.06409195,0.00591313909084144
20,C,410,168,20,12,0.0601294,0.00554755325198939
20,C,,185,20,20,0.058727812488832,0.00541824244304189
20,C,100,309,20,15,0.054829745580579,0.00505860583011458
20,C,,216,20,15,0.0509237570944697,0.00469823837046342
20,C,,159,20,43,0.0499502338291614,0.00460842087425776
20,C,250,191,20,4,0.0443535,0.00409206483287895
20,C,,162,20,9,0.0442913,0.00408632624556103
20,C,105,11,20,32,0.0439518922557283,0.00405501240348902
20,C,,182,20,7,0.0340976989930682,0.0031458621062966
20,C,800,309,20,1,0.0317372449230889,0.00292808603249434
20,C,,301,20,53,0.030571150312057,0.00282050185650794
20,C,,341,20,1,0.0278474,0.0025692079819431
20,C,,122,20,9,0.0257256,0.00237345019141016
20,C,,165,20,35,0.0246595667620124,0.00227509770234281
20,C,100,106,20,1,0.023745,0.00219071954765037
20,C,280,182,20,1,0.0205907449230889,0.00189970719746024
20,C,,6,20,22,0.0197393,0.00182115267917182
20,C,,166,20,4,0.0191673,0.00176837981830612
20,C,,171,20,7,0.0179696,0.0016578797213501
20,C,608,195,20,1,0.017745,0.00163715807003815
20,C,,189,20,1,0.015841,0.00146149456114253
20,C,413,183,20,1,0.013201,0.00121792751099316
20,C,100,159,20,3,0.0131972308032005,0.0012175797639682
20,C,250,96,20,1,0.0129326,0.00119316486089464
20,C,,29,20,16,0.0124499,0.00114863084002073
20,C,,179,20,4,0.0116332565765987,0.00107328711666401
20,C,,149,20,31,0.0116251232081198,0.00107253673008516
20,C,174,59,20,1,0.0114184,0.00105346439599457
20,C,,267,20,3,0.0110839154016002,0.00102260476457311
20,C,,188,20,4,0.0108322,0.000999381439631851
20,C,413,171,20,1,0.0107096,0.000988070333439308
20,C,100,5,20,6,0.0103753,0.000957227733111681
20,C,,167,20,3,0.0101679,0.000938092958035551
20,C,,104,20,1,0.0098928,0.000912712164287031
20,C,,261,20,24,0.00900009535097552,0.000830351013522816
20,C,,332,20,23,0.00862509138850536,0.00079575305559358
20,C,,11,20,5,0.0083679,0.000772024514751885
20,C,,3,20,5,0.0083328,0.000768786180107854
20,C,,145,20,2,0.007461,0.000688353697410798
20,C,,266,20,13,0.00744384769346574,0.00068677122138587
20,C,,184,20,18,0.0067500715401986,0.000622763262630091
20,C,100,180,20,1,0.00632834783766954,0.00058385492997741
20,C,105,4,20,5,0.006239,0.000575611676470442
20,C,,172,20,16,0.00600006359128765,0.000553567344560081
20,C,,0,20,4,0.00599190819692536,0.000552814925867797
20,C,,2,20,3,0.005893168953324,0.000543705218936751
20,C,,157,20,10,0.00582303687858689,0.00053723481645017
20,C,,190,20,4,0.00526150397445548,0.000485427652427025
20,C,100,301,20,4,0.00514387122455223,0.000474574825951687
20,C,,105,20,1,0.0051434,0.00047453135065845
20,C,,9,20,5,0.0043753,0.000403666255499459
20,C,800,195,20,1,0.0039327,0.000362831870500931
20,C,250,180,20,1,0.00372364711119895,0.000343544599496962
20,C,410,186,20,2,0.00362380422246988,0.000334333069994639
20,C,,193,20,3,0.00306003061304347,0.000282319177949163
20,C,,56,20,8,0.00300003179564382,0.00027678367228004
20,C,,245,20,2,0.0025466,0.000234949943147881
20,C,105,6,20,2,0.0023658,0.000218269290622499
20,C,250,301,20,1,0.00227880422246988,0.000210243038763233
20,C,102,11,20,1,0.00223,0.000205740349179209
20,C,100,18,20,5,0.00222090434903499,0.000204901182181203
20,C,105,0,20,1,0.002146,0.000197990488492638
20,C,,191,20,1,0.0020281,0.000187113005457558
20,C,250,316,20,2,0.00189675963597328,0.000174995511127431
20,C,,194,20,1,0.0017867,0.000164841382008293
20,C,,4,20,1,0.001633,0.000150660982156793
20,C,,160,20,4,0.00150001589782191,0.00013839183614002
20,C,,262,20,4,0.00150001589782191,0.00013839183614002
20,C,105,3,20,1,0.001426,0.000131563111179171
20,C,105,2,20,1,0.001389,0.000128149482067229
20,C,,57,20,1,0.0013272,0.000122447798847823
20,C,100,6,20,1,0.00107831212484084,0.0000994853421923447
20,C,,186,20,1,0.000961,0.0000886620966642242
20,C,105,20,20,1,0.000824,0.0000760224429254118
20,C,,147,20,2,0.000750007948910956,0.0000691959180700101
20,C,,156,20,2,0.000750007948910956,0.0000691959180700101
20,C,540,267,20,1,0.000375003974455478,0.000034597959035005
20,C,,150,20,1,0.000375003974455478,0.000034597959035005
20,C,100,157,20,1,0.000375003974455478,0.000034597959035005
20,C,,264,20,1,0.000375003974455478,0.000034597959035005
20,C,,334,20,1,0.000375003974455478,0.000034597959035005
20,C,,271,20,1,0.000375003974455478,0.000034597959035005
20,C,,300,20,1,0.000313333988342437,0.0000289082709288283
21,R,,2,21,5896,3.78840567299746,0.761307546912865
21,R,,29,21,1286,0.752041988153316,0.15112828207848
21,R,,300,21,463,0.238535442054793,0.0479354240061693
21,R,,3,21,88,0.0640598061914306,0.0128732818280056
21,R,,301,21,93,0.0416778424247761,0.0083754641703728
21,R,,5,21,39,0.0290670476934657,0.00584123367073379
21,R,,6,21,27,0.0248491939744555,0.00499362542989924
21,R,,4,21,27,0.0215850158978219,0.00433766521372671
21,R,,57,21,11,0.00731661253345388,0.00147032625868403
21,R,,332,21,13,0.00315085836721556,0.00063318780016418
21,R,,272,21,5,0.00296300794891096,0.000595437898625023
21,R,,149,21,5,0.00215550815355023,0.000433164968690275
21,R,,266,21,1,0.000375003974455478,0.0000753597635834462
22,R,,2,22,3309,2.11697242590231,0.8834291958229
22,R,,300,22,272,0.131376803768287,0.05482457054363
22,R,,29,22,63,0.033024,0.0137811741928667
22,R,,6,22,31,0.022596,0.00942948801059885
22,R,,3,22,35,0.0212427050829431,0.00886474742840763
22,R,,149,22,36,0.0135001430803972,0.00563371558319944
22,R,,4,22,15,0.012443,0.00519256148503636
22,R,,5,22,12,0.011834,0.00493842100891427
22,R,,57,22,15,0.010218,0.00426405153532922
22,R,,301,22,15,0.00905524220608746,0.00377882358892594
22,R,,266,22,25,0.00764740104869598,0.00319132043286068
22,R,,332,22,21,0.0060277761671974,0.0025154382677979
22,R,,165,22,1,0.000375003974455478,0.000156492099533318
23,R,,2,23,3,0.001781,0.542819680082108
23,R,,300,23,4,0.00150001589782191,0.457180319917892
25,C,100,11,25,996,5.10506550822414,0.40861063732073
25,C,100,16,25,141,1.92985745032822,0.154466241705698
25,C,,106,25,158,0.63176793656867,0.0505668534094729
25,C,153,49,25,21,0.552417496008462,0.0442156255874687
25,C,,101,25,140,0.483358470004432,0.0386881249936376
25,C,280,122,25,6,0.296513803974456,0.023733034222815
25,R,,2,25,314,0.197743727669807,0.0158274542136961
25,C,,122,25,31,0.168380663828714,0.0134772277160205
25,C,100,17,25,24,0.15923603,0.0127452890854983
25,C,,183,25,53,0.148322288566004,0.0118717506684663
25,C,105,5,25,91,0.141078807948911,0.0112919807856699
25,C,800,122,25,5,0.138904198196853,0.0111179245124878
25,C,280,106,25,10,0.138763887086003,0.0111066939783574
25,C,,159,25,83,0.135232027508092,0.0108240031116619
25,C,102,10,25,29,0.131259743795888,0.0105060605942451
25,C,,185,25,58,0.127528277824195,0.0102073931851045
25,C,,96,25,21,0.1078931,0.00863578895951233
25,C,,16,25,29,0.0969359042224699,0.00775877244666016
25,C,160,51,25,5,0.096786,0.00774677407763203
25,C,,180,25,30,0.0920040758147656,0.0073640277473841
25,C,,299,25,1,0.0864863,0.00692238368059747
25,C,800,202,25,1,0.085226,0.00682150897382129
25,C,,162,25,11,0.0759208,0.00607671858939398
25,C,,182,25,11,0.0728369238467329,0.00582988442078739
25,C,,309,25,58,0.0694588087918712,0.00555949930167656
25,C,800,106,25,4,0.0608176221875099,0.0048678567047447
25,C,,173,25,18,0.0564864263845917,0.00452118677963987
25,C,410,168,25,9,0.0564436154016002,0.00451776017854802
25,C,,188,25,19,0.0519093770109442,0.00415483867723029
25,C,100,18,25,28,0.0435965990726863,0.00348948198674605
25,C,,165,25,53,0.0418414447586069,0.00334899902492766
25,C,,216,25,12,0.0415105942223979,0.00332251767062565
25,C,250,191,25,1,0.0394818,0.00316013250654281
25,C,250,101,25,1,0.0385451,0.00308515881945461
25,C,608,252,25,3,0.0367336,0.00294016593575624
25,C,,191,25,9,0.036431,0.00291594576098002
25,C,,301,25,43,0.0363958322227123,0.00291313092386039
25,C,,246,25,6,0.0363416,0.00290879016406993
25,C,,11,25,10,0.0345986068048947,0.00276928058105864
25,C,,166,25,8,0.033689107948911,0.00269648407989968
25,C,100,301,25,16,0.0336831318484092,0.00269600575141775
25,C,100,159,25,14,0.032572716297785,0.00260712783102663
25,C,100,101,25,4,0.0302418590703516,0.00242056547337013
25,C,,195,25,8,0.0274950165146704,0.00220070755274433
25,C,105,11,25,21,0.024772,0.00198275667401381
25,C,,29,25,30,0.02075392,0.00166114861101036
25,C,174,59,25,2,0.0172766039744555,0.0013828234230036
25,C,102,16,25,1,0.01497,0.00119820230138813
25,C,100,216,25,4,0.0149032991713384,0.00119286355146115
25,C,,193,25,8,0.0136244238467329,0.00109050207135889
25,C,100,5,25,8,0.0135524284771979,0.00108473954514205
25,C,,6,25,8,0.0126621590520374,0.00101348217212383
25,C,,140,25,2,0.01252706,0.00100266881239994
25,C,,161,25,1,0.012,0.000960482806723951
25,C,,2,25,11,0.0118200999671377,0.000946083566016171
25,C,100,122,25,1,0.011592,0.000927826391295337
25,C,,341,25,5,0.0112901476432069,0.000903666058056263
25,C,100,180,25,4,0.0110351328204874,0.000883254611999446
25,C,100,300,25,2,0.0107408042224699,0.000859696482172528
25,C,,57,25,9,0.0105461949306869,0.00084411990894034
25,C,608,309,25,2,0.0104932632392698,0.000839883243978924
25,C,160,182,25,1,0.010081,0.000806885597882013
25,C,,267,25,2,0.0096,0.000768386245379161
25,R,,300,25,21,0.00951284560904035,0.000761410387541891
25,C,100,309,25,5,0.00869302343650555,0.000695791629100994
25,C,,149,25,24,0.00865505673158447,0.00069275276515894
25,C,,105,25,1,0.00825784366875142,0.000660959738704164
25,C,,9,25,5,0.00816960397445548,0.000653897012934012
25,C,,0,25,5,0.00788599133989469,0.000631196591328568
25,C,100,3,25,4,0.007635,0.000611107185778114
25,C,,223,25,2,0.0075529,0.000604535882575444
25,C,100,186,25,2,0.00750870422246988,0.000600998442204821
25,C,,184,25,18,0.0067500715401986,0.000540277304876452
25,C,,4,25,5,0.00673490422246988,0.000539063309217905
25,C,,160,25,2,0.00662464500558666,0.00053023813570964
25,C,101,16,25,10,0.00573862510905371,0.000459320895956704
25,C,100,6,25,4,0.00557517116604169,0.00044623800412718
25,C,,163,25,1,0.0055419,0.000443574972215289
25,C,,171,25,2,0.0053374,0.000427206744384035
25,C,100,96,25,1,0.0046628,0.00037321160259937
25,C,413,183,25,1,0.0046609,0.000373059526154972
25,C,,56,25,11,0.00412504371901026,0.000330169464091165
25,C,,156,25,11,0.00412504371901026,0.000330169464091165
25,C,,157,25,7,0.00395221987227739,0.000316336602976264
25,C,,172,25,10,0.00375003974455478,0.000300154058264695
25,C,410,186,25,2,0.00365481423859895,0.000292532186495348
25,C,,190,25,2,0.0035295,0.000282502005527682
25,C,,273,25,4,0.00321461192336643,0.000257298290223606
25,C,,167,25,2,0.00313011423859895,0.000250535075771343
25,C,,340,25,1,0.003073,0.000245963638755225
25,C,,17,25,1,0.0029729,0.000237951611342469
25,C,,3,25,4,0.00293301534708653,0.000234759234394508
25,C,100,272,25,2,0.00292,0.000233717482969495
25,C,100,160,25,1,0.00280000434328953,0.000224113002540165
25,C,,55,25,2,0.00274030397445548,0.00021933457105515
25,C,100,2,25,1,0.00238380422246988,0.00019080024752319
25,C,,51,25,2,0.00237600397445548,0.000190175913847688
25,C,,266,25,6,0.00225002384673287,0.000180092434958817
25,C,,332,25,3,0.00210659182346983,0.000168612102269002
25,C,,137,25,3,0.0020693221875099,0.000165629031889638
25,C,100,57,25,1,0.002001,0.000160160508021219
25,C,,279,25,2,0.00175060397445548,0.000140118751570592
25,C,,300,25,3,0.00160526711058692,0.000128485954993181
25,C,105,4,25,1,0.001214,0.0000971688439469064
25,C,100,29,25,1,0.00114741163741019,0.0000918390958306223
25,C,,179,25,3,0.00112501192336643,0.0000900462174794086
25,C,,261,25,3,0.00112501192336643,0.0000900462174794086
25,C,105,3,25,1,0.001119,0.0000895650217270084
25,C,100,4,25,1,0.00103,0.0000824414409104725
25,C,105,272,25,1,0.000815,0.000065232790623335
25,C,,331,25,2,0.000750007948910956,0.0000600308116529391
25,C,,280,25,2,0.000750007948910956,0.0000600308116529391
25,R,,266,25,2,0.000750007948910956,0.0000600308116529391
25,C,101,10,25,2,0.000466403974455478,0.0000373310832043503
25,C,,146,25,1,0.000375003974455478,0.0000300154058264695
25,C,,150,25,1,0.000375003974455478,0.0000300154058264695
25,C,,337,25,1,0.000375003974455478,0.0000300154058264695
25,C,,334,25,1,0.000375003974455478,0.0000300154058264695
25,C,100,49,25,1,0.000375003974455478,0.0000300154058264695
25,C,,145,25,1,0.000375003974455478,0.0000300154058264695
25,C,,18,25,1,0.00018029544086265,0.0000144308892566075
30,C,280,106,30,155,10.2566138613775,0.31804442003172
30,C,100,16,30,116,6.4325320268289,0.199464554818825
30,C,100,11,30,122,3.37958345578092,0.104796541497008
30,C,160,51,30,59,3.34920871717114,0.103854659872592
30,C,,106,30,197,1.6323928694404,0.0506184058834558
30,C,800,106,30,29,1.48172041097812,0.0459462465027813
30,C,,101,30,137,0.725262847010316,0.0224894692015801
30,C,,180,30,102,0.693576642036912,0.0215069206899586
30,C,100,106,30,4,0.43764104783767,0.0135706866927826
30,C,,182,30,28,0.39401645850898,0.0122179442185425
30,C,,195,30,42,0.31716254542308,0.0098348031015101
30,C,800,122,30,22,0.304122864247297,0.00943045933923129
30,C,280,273,30,8,0.219197353923089,0.00679702836074138
30,C,,309,30,45,0.215567022782466,0.00668445645565191
30,C,,273,30,16,0.171326611923366,0.00531261814684795
30,C,280,182,30,5,0.123475444923089,0.00382881492854095
30,C,100,18,30,26,0.116599814226055,0.00361561045317067
30,C,,183,30,26,0.0992560030721508,0.00307780114942428
30,C,,172,30,14,0.0911882965910101,0.0028276319353484
30,C,,159,30,20,0.0901979156996519,0.00279692149616646
30,C,,51,30,3,0.0873082898461777,0.00270731791050964
30,C,,216,30,11,0.0831449121368141,0.00257821691608362
30,C,608,252,30,3,0.0791052786570143,0.00245295307125257
30,C,250,274,30,1,0.0769535,0.0023862291793077
30,C,280,309,30,6,0.0704643458462059,0.00218500884506937
30,C,100,163,30,1,0.070398975,0.00218298177910496
30,C,,16,30,19,0.0697761539176609,0.00216366889742751
30,C,,166,30,2,0.0692653,0.00214782797369193
30,C,280,180,30,4,0.0641413796923554,0.00198894178722154
30,C,,162,30,5,0.0639976,0.00198448336366328
30,C,,223,30,8,0.0602640488975443,0.00186871074015537
30,C,250,101,30,1,0.0600003,0.00186053222565856
30,C,,316,30,4,0.0565698148938484,0.00175415728937263
30,C,250,63,30,2,0.055,0.00170547934612361
30,C,153,49,30,3,0.0512457196240701,0.00158906393447442
30,C,100,309,30,6,0.0471382148339425,0.00146169548749867
30,C,,160,30,3,0.0451825079369256,0.00140105152895442
30,C,540,267,30,1,0.0427306,0.00132502101359036
30,C,,267,30,3,0.0351206,0.00108904468951762
30,C,100,159,30,5,0.0340291880430311,0.0010552014067772
30,C,280,216,30,1,0.0310112449230889,0.000961618867525615
30,C,,246,30,7,0.0299860039744555,0.000929827462749353
30,C,,193,30,3,0.0252203154016002,0.000782049582184591
30,C,,274,30,7,0.0230504158858366,0.000714763785688254
30,C,,165,30,9,0.0229120801780909,0.000710474173099315
30,C,,276,30,2,0.0223338,0.000692542447644647
30,C,280,159,30,1,0.0222092449230889,0.000688680154715069
30,C,,11,30,5,0.0211077,0.000654522661712244
30,C,,157,30,6,0.0199175158978219,0.000617616581633164
30,C,,280,30,3,0.0195721039744555,0.000606905801611231
30,C,,275,30,1,0.0184192,0.000571155730402183
30,C,160,159,30,2,0.0181144898461777,0.000561707059967673
30,C,100,180,30,1,0.0158972449230889,0.000492953143210846
30,C,280,183,30,2,0.0148286920342878,0.000459818690809193
30,C,,161,30,2,0.0133652039744555,0.000414437806093874
30,C,,339,30,3,0.0131740449230889,0.000408510209476958
30,C,160,182,30,1,0.0112726,0.000349548845038419
30,C,608,195,30,1,0.009901,0.000307017291017635
30,C,800,182,30,1,0.00980194492308885,0.00030394572033035
30,C,,341,30,4,0.0089833,0.000278560592909678
30,C,,6,30,3,0.00820254387879812,0.000254350348562962
30,C,608,106,30,1,0.0078938,0.000244776597498738
30,C,,332,30,12,0.00739865573225683,0.000229422809826238
30,C,,266,30,4,0.00722151192336643,0.000223929807874307
30,C,100,101,30,1,0.00664614783766954,0.000206088506698719
30,C,100,195,30,1,0.00664614783766954,0.000206088506698719
30,C,100,183,30,2,0.00628360631238528,0.000194846559726274
30,C,,104,30,1,0.006157,0.000190920660619693
30,C,100,301,30,1,0.00577290631238528,0.000179010408779631
30,C,,245,30,1,0.005701,0.000176780686404559
30,C,,122,30,2,0.0046531,0.000144286653553596
30,C,,186,30,1,0.00430194366875142,0.000133397746822596
30,C,410,168,30,1,0.0041533,0.00012878849760464
30,C,,188,30,1,0.004,0.000124034861536263
30,C,,18,30,3,0.00381329726019996,0.000118245449416378
30,C,100,5,30,1,0.003781,0.000117243952867153
30,C,153,180,30,1,0.00350894711119895,0.000108807942268908
30,C,,149,30,9,0.0033750357700993,0.00010465552360605
30,C,,4,30,1,0.0020674,0.0000641074181850175
30,C,280,101,30,1,0.001945,0.0000603119514220078
30,C,,5,30,1,0.0016638,0.0000515923006560086
30,C,,150,30,2,0.0016005,0.0000496294489721972
30,C,105,16,30,1,0.001464,0.0000453967593222722
30,C,,57,30,5,0.00143676562455004,0.0000445522563252816
30,C,,171,30,1,0.001201,0.0000372414671762629
30,C,,10,30,1,0.0011895,0.0000368848669493462
30,C,,189,30,3,0.00112501192336643,0.0000348851745353501
30,C,,334,30,3,0.00112501192336643,0.0000348851745353501
30,C,,336,30,1,0.000943076313647569,0.0000292435849953514
30,C,,279,30,2,0.000750007948910956,0.0000232567830235667
30,C,,185,30,2,0.000750007948910956,0.0000232567830235667
30,C,,277,30,2,0.000750007948910956,0.0000232567830235667
30,C,800,180,30,2,0.000750007948910956,0.0000232567830235667
30,C,,261,30,2,0.000750007948910956,0.0000232567830235667
30,C,,156,30,2,0.000750007948910956,0.0000232567830235667
30,C,,301,30,2,0.00075000793692564,0.0000232567826519175
30,C,,272,30,1,0.000419789349883003,0.000013017128471784
30,C,,55,30,1,0.000375003974455478,0.0000116283915117834
30,C,,264,30,1,0.000375003974455478,0.0000116283915117834
30,C,101,56,30,1,0.000375003974455478,0.0000116283915117834
30,C,,147,30,1,0.000375003974455478,0.0000116283915117834
30,C,160,165,30,1,0.000375003974455478,0.0000116283915117834
30,C,,326,30,1,0.000375003974455478,0.0000116283915117834
30,C,,299,30,1,0.000375003974455478,0.0000116283915117834
30,C,800,193,30,1,0.000375003974455478,0.0000116283915117834
30,C,800,195,30,1,0.000375003974455478,0.0000116283915117834
30,C,160,106,30,1,0.000375003974455478,0.0000116283915117834
30,C,,184,30,1,0.000375003974455478,0.0000116283915117834
30,C,,56,30,1,0.000375003974455478,0.0000116283915117834
34,C,,143,34,19,0.0317848148624869,1
35,C,,195,35,350,1.71600363352064,0.252725114422093
35,C,500,195,35,31,1.16139322335051,0.171044646716811
35,C,,223,35,136,0.634375791651332,0.0934279458387639
35,C,280,106,35,5,0.391745,0.0576943999507516
35,C,,246,35,75,0.365287211923366,0.053797818738214
35,C,,106,35,76,0.237621400448414,0.0349957858155905
35,C,625,245,35,2,0.2169691,0.031954210091653
35,C,,316,35,122,0.206243546414281,0.0303745999415102
35,C,540,245,35,7,0.1958234,0.0288399687534391
35,C,,161,35,13,0.185382882913389,0.0273023374665367
35,C,,216,35,40,0.118918906384989,0.0175138290129588
35,C,,210,35,9,0.0993477039744555,0.0146314724305125
35,C,,245,35,20,0.0825068198722774,0.01215122455775
35,C,,101,35,33,0.077744007948911,0.0114497795463347
35,C,,332,35,148,0.0677254680363204,0.00997429511477953
35,C,540,223,35,6,0.0597758,0.00880350460778347
35,C,500,210,35,2,0.0587368,0.00865048547148606
35,C,,264,35,15,0.0552217357700993,0.00813280299555791
35,C,,159,35,46,0.0536572613635285,0.00790239440801905
35,C,520,195,35,1,0.0528,0.00777614090135084
35,C,,183,35,23,0.0515702,0.00759502161952354
35,C,280,246,35,1,0.048924,0.00720530146700167
35,C,625,247,35,2,0.0474847,0.00699332798974193
35,C,250,105,35,1,0.0395139,0.00581942526442967
35,C,,262,35,13,0.0385317437190103,0.00567477780935159
35,C,,309,35,23,0.0365829215649235,0.00538776425514984
35,C,520,210,35,4,0.0345065,0.00508195844720573
35,C,500,223,35,1,0.03334,0.0049101616979363
35,C,,16,35,8,0.0324644,0.00478120736132224
35,C,,96,35,8,0.0263475,0.00388033849239282
35,C,280,182,35,1,0.0250525,0.00368961685475553
35,C,500,264,35,2,0.0245738478376695,0.00361912316806958
35,C,250,104,35,1,0.0236831,0.00348793792766632
35,C,,162,35,7,0.0211704039744555,0.00311787962583113
35,C,413,171,35,7,0.0185044,0.00272524283513175
35,C,280,118,35,1,0.0163432,0.00240695124960146
35,C,410,168,35,8,0.0160811,0.00236835036834684
35,C,160,51,35,5,0.0154863,0.00228075096288995
35,C,280,159,35,3,0.0142241167423807,0.00209486242397758
35,C,100,11,35,7,0.0139170039744555,0.00204963226950806
35,C,,182,35,2,0.0119806039744555,0.00176444819296685
35,C,608,252,35,2,0.0110227,0.00162337250593409
35,C,,261,35,27,0.0103451062018103,0.00152357961107416
35,C,510,202,35,1,0.0099206,0.00146106029215798
35,C,,266,35,24,0.00900009532700489,0.00132549260205264
35,C,540,246,35,1,0.0078534,0.00115661259383842
35,C,,172,35,9,0.00668303179564382,0.000984246153241175
35,C,,166,35,1,0.0063447,0.000934418204106073
35,C,,191,35,2,0.0061506,0.000905832049769857
35,C,625,159,35,3,0.00554056036543698,0.000815988221099959
35,C,,171,35,6,0.00544900286596789,0.000802504054121796
35,C,,17,35,1,0.005,0.000736376979294587
35,C,,180,35,4,0.00488250683725464,0.000719073127240547
35,C,250,159,35,3,0.00479543269966777,0.000706249249158368
35,C,,188,35,4,0.0047549,0.000700279779769566
35,C,105,5,35,6,0.004266,0.000628276838734141
35,C,,167,35,3,0.0042198,0.000621472715445459
35,C,280,180,35,4,0.00421907426401776,0.000621365832391385
35,C,,11,35,3,0.0039247,0.000578011746127493
35,C,,156,35,10,0.00375003974455478,0.000552288587865978
35,C,,341,35,1,0.0036365,0.000535566977040953
35,C,280,316,35,3,0.0034224837801773,0.000504047653546336
35,C,500,159,35,2,0.00332830831774501,0.000490177925036423
35,C,500,316,35,3,0.00282577188238281,0.000416166672584927
35,C,,29,35,6,0.0027259,0.000401458001571823
35,C,,301,35,3,0.0027099960448082,0.000399115740275228
35,C,,189,35,2,0.00252290397445548,0.000371561681551966
35,C,,105,35,1,0.0024717,0.000364020595944486
35,C,413,183,35,1,0.002269,0.000334167873203883
35,C,,333,35,2,0.00175781821305442,0.000258883373175605
35,C,,163,35,1,0.001621,0.000238733416687305
35,C,625,316,35,1,0.00137121423859895,0.000201946119797044
35,C,,6,35,2,0.00134898451145663,0.000198672227932324
35,C,100,51,35,1,0.001193,0.000175699547259688
35,C,,160,35,2,0.0011758,0.000173166410450915
35,C,,330,35,1,0.0011430006771956,0.000168335877200993
35,C,,271,35,3,0.00112501192336643,0.000165686576359794
35,C,,3,35,1,0.000974060918022015,0.000143455207292393
35,C,625,223,35,1,0.000919777895236891,0.000135460653623295
35,C,,157,35,1,0.0007536,0.00011098673831928
35,C,160,159,35,1,0.000635002865967891,0.0000935202984569682
35,C,,9,35,2,0.0005908,0.0000870103038734484
35,C,,339,35,1,0.0003854,0.0000567599375640267
35,C,,184,35,1,0.000375003974455478,0.0000552288587865978
35,C,,247,35,1,0.000375003974455478,0.0000552288587865978
35,C,280,195,35,1,0.000375003974455478,0.0000552288587865978
35,C,,165,35,1,0.000375003974455478,0.0000552288587865978
35,C,,149,35,1,0.000375003974455478,0.0000552288587865978
35,C,,122,35,1,0.000375003974455478,0.0000552288587865978
35,C,,334,35,1,0.000375003974455478,0.0000552288587865978
35,C,,337,35,1,0.000375003974455478,0.0000552288587865978
35,C,,0,35,1,0.000375003962470162,0.0000552288570214557
35,C,,336,35,1,0.0000339653191084745,0.00000500225581717504
36,C,,195,36,113,0.441009590801075,0.151170680446438
36,C,,165,36,348,0.356367321536346,0.122156732209989
36,C,540,245,36,20,0.355934974843965,0.122008531025618
36,C,100,11,36,132,0.338578946625646,0.116059176067498
36,C,,316,36,153,0.205898239812752,0.0705784583021853
36,C,,223,36,64,0.17500638483499,0.0599892492812246
36,C,,246,36,52,0.165670806491055,0.0567891698270564
36,C,608,252,36,5,0.1195584,0.0409826113945895
36,C,500,195,36,6,0.104895203974455,0.0359563140828357
36,C,625,246,36,2,0.0942708,0.0323144468498831
36,C,,216,36,22,0.0482776301642035,0.0165487607401175
36,C,520,210,36,1,0.0480185,0.0164599352722276
36,C,,106,36,27,0.0465141001535502,0.0159442522730478
36,C,,271,36,54,0.0404113333102728,0.013852326302394
36,C,,262,36,11,0.0367019401940436,0.0125808086458162
36,C,,264,36,7,0.031120300286627,0.0106675162358292
36,C,,309,36,42,0.0302997267999973,0.0103862374271194
36,C,,245,36,9,0.0219182839327531,0.00751321958852153
36,C,105,5,36,24,0.0200120039744555,0.00685977883705443
36,C,,210,36,2,0.0163223039744555,0.00559501164995075
36,C,100,16,36,3,0.0150466,0.0051577217544717
36,C,250,191,36,2,0.0143855478376695,0.00493112417638148
36,C,,332,36,34,0.0143080336409466,0.00490455361168791
36,C,,301,36,25,0.0136180537151601,0.00466804008216111
36,C,250,60,36,1,0.0130543,0.00447479477751784
36,C,100,165,36,3,0.0116125,0.00398056995426227
36,C,413,171,36,5,0.0104524193493246,0.00358291379214391
36,C,100,301,36,19,0.00962187665212063,0.00329821770549399
36,C,540,223,36,1,0.0095331,0.00326778656025642
36,C,,101,36,8,0.007601500674835,0.00260566675509602
36,C,500,223,36,1,0.00731194783766954,0.00250641290589971
36,C,,334,36,17,0.00637506756574313,0.00218526608470088
36,C,,159,36,6,0.00616392995720956,0.00211289165880262
36,C,,183,36,4,0.0051852,0.00177739946840394
36,C,100,309,36,3,0.00474148634017665,0.00162530187851472
36,C,,172,36,13,0.0046119162911944,0.00158088744200655
36,C,,16,36,2,0.0041482,0.0014219332860513
36,C,,266,36,11,0.00412504371901026,0.00141399570186528
36,C,410,168,36,2,0.0038477,0.00131892693330591
36,C,100,2,36,1,0.002971,0.00101840889852428
36,C,,180,36,2,0.00285170708843777,0.000977517292106964
36,C,105,11,36,3,0.002607,0.000893635812336856
36,C,100,106,36,1,0.002528,0.000866555939235739
36,C,500,316,36,1,0.00248310422246988,0.000851166420776351
36,C,,202,36,1,0.0023135,0.000793028942018149
36,C,,57,36,3,0.00224430397445548,0.000769309706690968
36,C,,122,36,6,0.00221083779333983,0.000757838061908808
36,C,,166,36,3,0.00213866313613144,0.000733097801676911
36,C,,6,36,3,0.00190601821305442,0.000653351029594067
36,C,,160,36,1,0.0018639,0.000638913613584451
36,C,,146,36,3,0.00184264096689692,0.000631626374107439
36,C,,191,36,1,0.0017759,0.00060874869164903
36,C,,0,36,2,0.00172657855770742,0.000591842129643371
36,C,608,316,36,2,0.00172619899705982,0.000591712022628545
36,C,,300,36,3,0.00160676062203075,0.00055077055377803
36,C,250,159,36,1,0.00160061423859895,0.000548663676773421
36,C,,2,36,3,0.00158250397445548,0.000542455782408448
36,C,100,5,36,1,0.00147,0.00050389130960306
36,C,,167,36,1,0.0012224,0.000419018188339307
36,C,100,29,36,3,0.00112501192336643,0.000385635191417803
36,C,,184,36,3,0.00112501192336643,0.000385635191417803
36,C,,267,36,3,0.00112501191138112,0.000385635187309438
36,C,,330,36,1,0.0010602433357199,0.000363433607437972
36,C,608,271,36,1,0.000947079817986638,0.000324643054274772
36,C,,29,36,1,0.000942876313647569,0.00032320216359019
36,C,,157,36,2,0.000750007948910956,0.000257090127611868
36,C,,59,36,2,0.000750007948910956,0.000257090127611868
36,C,,149,36,2,0.000750007948910956,0.000257090127611868
36,C,540,334,36,2,0.000750007948910956,0.000257090127611868
36,C,,261,36,2,0.000750007948910956,0.000257090127611868
36,C,174,59,36,2,0.000750007948910956,0.000257090127611868
36,C,,9,36,1,0.000408,0.000139855547155135
36,C,,339,36,2,0.0003829,0.000131251688739464
36,C,,38,36,1,0.000375003974455478,0.000128545063805934
36,C,153,11,36,1,0.000375003974455478,0.000128545063805934
36,C,100,247,36,1,0.000375003974455478,0.000128545063805934
36,C,540,195,36,1,0.000375003974455478,0.000128545063805934
36,C,540,159,36,1,0.000375003974455478,0.000128545063805934
36,C,700,146,36,1,0.000375003974455478,0.000128545063805934
36,C,,96,36,1,0.000155620310842371,0.0000533440287287058
36,C,100,18,36,1,0.0000711235420754496,0.0000243799556190521
39,R,,2,39,6211,7.70127223714237,0.918540789695332
39,R,,29,39,505,0.342859491699802,0.040893298998262
39,R,,300,39,222,0.12259876354561,0.0146225145164641
39,R,,3,39,74,0.0863330238467329,0.0102970524166783
39,R,,6,39,34,0.046348007948911,0.00552798739108009
39,R,,4,39,27,0.038557,0.00459874370593922
39,R,,5,39,22,0.025314,0.00301923381414906
39,R,,57,39,11,0.0164900039744555,0.001966784293084
39,R,,301,39,4,0.00181970020463927,0.000217038018071457
39,R,,332,39,3,0.00112501192336643,0.000134181640212879
39,R,,149,39,3,0.00112501192336643,0.000134181640212879
39,R,,0,39,2,0.000404069281578637,0.0000481938705143849
40,C,100,11,40,343,1.09055796439387,0.289309031830263
40,C,100,16,40,70,0.433840521737321,0.11509152691606
40,C,,101,40,134,0.233836096694729,0.0620332865840102
40,C,,195,40,53,0.19572446498409,0.0519228297062735
40,C,,106,40,88,0.17842324744603,0.047333070464817
40,C,,309,40,124,0.167063063772622,0.0443193803655525
40,C,,159,40,101,0.0981273648509226,0.0260317505790295
40,C,,96,40,29,0.0915631674225288,0.0242903652838363
40,C,,301,40,119,0.0770742605950193,0.0204466708233814
40,C,540,245,40,3,0.0702096449230889,0.018625588974663
40,C,,223,40,15,0.0579859841651576,0.0153828310702134
40,C,250,60,40,2,0.0535737,0.0142123167998498
40,C,250,105,40,1,0.0534009,0.0141664754944515
40,C,105,5,40,46,0.0473755039744555,0.0125680263083846
40,C,,16,40,34,0.0432436672812704,0.0114719106387782
40,C,608,106,40,1,0.0406988,0.0107967946767486
40,C,102,10,40,2,0.03918,0.0103938793142552
40,C,,216,40,32,0.039109170663536,0.0103750893302043
40,C,,165,40,88,0.0347783456021111,0.00922618496523229
40,C,,183,40,24,0.0333575,0.00884925546771995
40,C,,60,40,1,0.0316541,0.00839736843290876
40,C,,246,40,13,0.0307611354462012,0.00816047803464199
40,C,100,301,40,26,0.0285968017688715,0.00758631205613398
40,C,,122,40,20,0.0275981119233664,0.00732137428873859
40,C,,29,40,35,0.0275717539624702,0.00731438190832701
40,C,,339,40,16,0.0261216513462625,0.00692969095411189
40,C,,146,40,4,0.0249060119233664,0.0066071996460151
40,C,410,168,40,8,0.0247542,0.00656692616949811
40,C,100,5,40,11,0.0235506144688471,0.0062476325820763
40,C,250,159,40,1,0.0233996449230889,0.00620758257598289
40,C,100,18,40,10,0.0229790278211883,0.00609599902839061
40,C,,161,40,1,0.022283,0.00591135305665004
40,C,,191,40,8,0.0191959,0.00509239070772106
40,C,608,101,40,1,0.0187489,0.00497380816424296
40,C,,145,40,2,0.016978,0.00450401436951058
40,C,,162,40,7,0.016622,0.00440957279125957
40,C,,149,40,41,0.0153751629526746,0.00407880521100325
40,C,,171,40,9,0.0144988559035073,0.00384633380438568
40,C,,185,40,24,0.0136282227160087,0.00361536759004558
40,C,100,2,40,5,0.0109011081969254,0.00289190410899643
40,C,,316,40,7,0.0105260610716065,0.00279240960777839
40,C,,300,40,25,0.0105249133892681,0.00279210514448803
40,C,,184,40,27,0.0101251073102979,0.00268604245602653
40,C,,193,40,5,0.00972651741356081,0.0025803024028727
40,C,100,309,40,9,0.00971607684385781,0.00257753267287104
40,C,,167,40,4,0.0089022,0.00236162308400619
40,C,608,252,40,2,0.00843480422246988,0.00223762983991123
40,C,100,106,40,1,0.0082302,0.00218335134079079
40,C,413,171,40,2,0.0077435,0.0020542369696257
40,C,,126,40,5,0.00771153118281243,0.00204575611133915
40,C,,332,40,19,0.00755987357064571,0.00200552357132003
40,C,,245,40,3,0.00686110397445548,0.00182015024688736
40,C,,180,40,8,0.00643086120800836,0.00170601315167851
40,C,,11,40,3,0.00641290397445548,0.00170124936101066
40,C,,157,40,4,0.00621510794891096,0.00164877697667301
40,C,,18,40,3,0.00609698537605571,0.00161744079069683
40,C,,2,40,8,0.00541408902029575,0.00143627840412425
40,C,410,186,40,2,0.0051667,0.00137064972570093
40,C,,57,40,6,0.00499601987227739,0.00132537079132394
40,C,,172,40,13,0.00487505166792121,0.00129327970104981
40,C,,190,40,3,0.0048177,0.00127806514477507
40,C,100,0,40,2,0.00472171540160023,0.00125260183870579
40,C,100,159,40,4,0.00469339211018712,0.00124508808493523
40,C,105,11,40,5,0.00466200397445548,0.0012367612729216
40,C,,160,40,6,0.00444980182495745,0.00118046715520572
40,C,,168,40,2,0.00430740422246988,0.0011426911599302
40,C,,266,40,12,0.00412563700475474,0.00109447098320179
40,C,153,49,40,10,0.00375003974455478,0.000994830539269085
40,C,,3,40,4,0.00372750397445548,0.00098885213001268
40,C,,334,40,9,0.00337503575811399,0.000895347482162648
40,C,,6,40,3,0.00336111028684075,0.000891653258890363
40,C,100,3,40,1,0.003337,0.000885257153437202
40,C,,49,40,3,0.00323058670086772,0.000857027266030038
40,C,100,165,40,1,0.00318251812686535,0.000844275378409085
40,C,,163,40,1,0.002917,0.000773837313927575
40,C,,179,40,2,0.00246840370863926,0.000654831297765604
40,C,410,343,40,1,0.0023874,0.000633342202012579
40,C,105,4,40,2,0.0021,0.000557099197548134
40,C,100,101,40,3,0.00192159338739191,0.000509770540061826
40,C,100,29,40,5,0.00187501987227739,0.000497415269634542
40,C,,341,40,1,0.0018616,0.000493855174359813
40,C,,25,40,1,0.0018429,0.000488894338648313
40,C,,186,40,2,0.0017359,0.000460508808106575
40,C,105,3,40,2,0.00152400397445548,0.000404295900585388
40,C,100,17,40,1,0.001523,0.00040402956088848
40,C,174,59,40,4,0.00150001589782191,0.000397932215707634
40,C,,150,40,4,0.00150001589782191,0.000397932215707634
40,C,,188,40,2,0.0014872,0.000394532345996945
40,C,100,180,40,1,0.00145271423859895,0.000385383779328677
40,C,,330,40,3,0.00129366723548436,0.000343190942277452
40,C,100,339,40,1,0.00113296,0.00030055766993054
40,C,,156,40,3,0.00112501192336643,0.000298449161780725
40,C,100,195,40,2,0.00107048670086772,0.00028398442001874
40,C,,147,40,1,0.0009704,0.000257432886333671
40,C,100,341,40,1,0.0008863,0.000235122389898529
40,C,,182,40,2,0.000826003974455478,0.000219126738733674
40,C,,274,40,1,0.0007425,0.00019697435913309
40,C,,166,40,3,0.000664597260199961,0.000176307904928613
40,C,,9,40,1,0.000658,0.000174557748565082
40,C,100,4,40,1,0.000631,0.000167395044596606
40,C,100,6,40,1,0.000608,0.000161293481956793
40,C,,4,40,1,0.0004167,0.00011054439791348
40,C,100,149,40,2,0.000404468293563953,0.000107299505608639
40,C,500,223,40,1,0.000375003974455478,0.0000994830539269085
40,C,,173,40,1,0.000375003974455478,0.0000994830539269085
40,C,,55,40,1,0.000375003974455478,0.0000994830539269085
40,C,280,106,40,1,0.000375003974455478,0.0000994830539269085
40,C,,261,40,1,0.000375003974455478,0.0000994830539269085
40,C,,267,40,1,0.000375003974455478,0.0000994830539269085
40,C,,0,40,1,0.000375003974455478,0.0000994830539269085
40,C,,273,40,1,0.000375003974455478,0.0000994830539269085
40,C,105,0,40,1,0.0003394,0.0000900378417370651
40,C,,59,40,1,0.00000123882637443466,0.000000328642466237625
42,R,,2,42,4057,4.39006645861792,0.738097514426243
42,R,,29,42,1175,1.00377791684866,0.168764184425399
42,R,,3,42,249,0.273951096007049,0.0460591257428949
42,R,,4,42,81,0.10745,0.0180654618039809
42,R,,5,42,52,0.0756440119233664,0.0127179526114607
42,R,,6,42,74,0.0602399981814422,0.0101280910769542
42,R,,300,42,44,0.0207598191528685,0.00349032778002511
42,R,,0,42,19,0.0110454623139871,0.00185706261089479
42,R,,301,42,7,0.00311886972451037,0.000524372469797438
42,R,,20,42,1,0.00176,0.00029590705234999
43,R,,2,43,5836,6.93831573458673,0.772065866749339
43,R,,29,43,1339,1.08238628534546,0.120443280115822
43,R,,3,43,406,0.4577923000389,0.0509411537959882
43,R,,6,43,357,0.358195088074603,0.039858405370788
43,R,,4,43,91,0.121241007948911,0.013491176744959
43,R,,300,43,40,0.0205443675258408,0.00228608866004568
43,R,,0,43,7,0.00484010726276338,0.000538586272509514
43,R,,301,43,2,0.00262397510633547,0.000291984638966888
43,R,,266,43,2,0.000750007948910956,0.0000834576515822571
44,R,,2,44,3878,4.56078221527472,0.8401645717895
44,R,,29,44,425,0.323161492599964,0.0595311997445925
44,R,,3,44,207,0.255761432353396,0.0471150965230899
44,R,,6,44,103,0.119136197386368,0.0219466765868622
44,R,,4,44,60,0.0817011476432069,0.0150505782745934
44,R,,5,44,36,0.0576050039744555,0.0106117067671067
44,R,,300,44,20,0.0108348484509703,0.00199594178795166
44,R,,309,44,4,0.00820446966754291,0.00151138651652892
44,R,,0,44,8,0.0048650725708473,0.000896219424712117
44,R,,149,44,7,0.00262502782118835,0.000483569543824706
44,R,,193,44,3,0.00256200397445548,0.000471959604848557
44,R,,301,44,2,0.00120019225572832,0.000221093436389467
45,R,,2,45,6276,6.71997938974438,0.62044104764935
45,C,100,11,45,432,1.44944939534006,0.133824502904274
45,R,,29,45,458,0.345015619452396,0.0318545400176557
45,C,100,16,45,66,0.319773543765497,0.0295239941966484
45,C,,101,45,100,0.179615076867356,0.0165834684902866
45,C,153,49,45,14,0.166655683408415,0.0153869559434123
45,C,105,5,45,140,0.14425124371901,0.0133184028680702
45,C,,16,45,66,0.118449508238214,0.0109361848783383
45,C,,106,45,64,0.108972430271784,0.0100611869295173
45,C,250,61,45,1,0.074616,0.006889132618778
45,C,,9,45,94,0.07257,0.00670022989901254
45,C,,183,45,37,0.0715419039744555,0.00660530803420051
45,R,,3,45,61,0.067075,0.00619288852799044
45,C,608,252,45,5,0.0471688,0.00435499247706411
45,C,,122,45,24,0.0457937156118657,0.00422803393316108
45,C,,216,45,32,0.0433681478912213,0.00400408655319772
45,C,250,105,45,2,0.0429799,0.00396824047177303
45,C,,309,45,71,0.0429384097809114,0.00396440977029234
45,C,410,168,45,16,0.0398744,0.00368151642669403
45,C,,162,45,13,0.0357274154016002,0.00329863437905805
45,R,,300,45,64,0.0340004928701677,0.00313919138638363
45,C,,165,45,60,0.0334356622267731,0.00308704180439726
45,C,,180,45,16,0.0313036255071411,0.00289019550186631
45,C,,96,45,10,0.0294868,0.00272245196343121
45,R,,4,45,23,0.029189,0.00269495673862859
45,C,,159,45,22,0.0272312204175518,0.00251419921769714
45,R,,5,45,22,0.027157,0.00250734660834344
45,C,,195,45,24,0.0258359277747813,0.0023853748896971
45,C,102,10,45,6,0.0238208352100352,0.0021993257860511
45,C,280,106,45,1,0.023336,0.00215456200803854
45,C,,301,45,31,0.0204410586872065,0.00188727838753605
45,C,413,171,45,5,0.0193846,0.00178973786000274
45,C,520,210,45,1,0.0183127,0.00169077166972092
45,C,,156,45,4,0.018125207948911,0.00167346093737237
45,C,,193,45,11,0.015742307948911,0.00145345297504142
45,C,250,191,45,1,0.0157121,0.00145066394097113
45,C,,246,45,6,0.0144522039744555,0.00133434048747795
45,C,,300,45,31,0.0140853320176796,0.00130046799948154
45,C,250,101,45,1,0.013798,0.0012739392606666
45,C,174,59,45,2,0.0131573039744555,0.00121478519333117
45,C,,266,45,31,0.0116251231961345,0.00107332228218885
45,C,105,11,45,20,0.0115130596048469,0.0010629756951014
45,C,,149,45,30,0.0109050805783173,0.00100684231696269
45,C,,184,45,29,0.0108751152592089,0.00100407568437314
45,C,,167,45,8,0.0100042,0.000923665977066298
45,C,,188,45,9,0.0099738,0.000920859211337623
45,C,,190,45,4,0.0091811,0.000847670948406008
45,C,,171,45,8,0.00910800397445548,0.000840922151715194
45,C,,334,45,23,0.00862509141247599,0.000796335887606283
45,C,100,18,45,4,0.00733028984686969,0.000676789681692495
45,C,,191,45,3,0.0071851,0.000663384619641656
45,C,,186,45,1,0.0062727,0.000579144716653383
45,R,,6,45,5,0.006206,0.0005729864510579
45,C,,140,45,1,0.0060816,0.000561500870247136
45,C,,166,45,9,0.00593391987227739,0.000547865885993905
45,C,,29,45,7,0.00592248995883065,0.000546810587002324
45,C,100,301,45,16,0.00583586196748319,0.000538812413408309
45,C,,145,45,5,0.00567811192336643,0.0005242476957266
45,C,410,186,45,3,0.00544344741462719,0.000502581633198121
45,C,160,51,45,1,0.0052908,0.000488488030173564
45,C,100,5,45,4,0.00501277981798664,0.00046281903284609
45,R,,301,45,4,0.00480573871198174,0.000443703378873668
45,C,,147,45,1,0.0046613,0.000430367667469576
45,C,,189,45,2,0.00451600397445548,0.000416952802173158
45,C,,185,45,11,0.00447083974455478,0.000412782887283444
45,C,,172,45,11,0.00412504371901026,0.00038085629407257
45,C,,104,45,1,0.004096,0.000378174750811015
45,C,,326,45,9,0.0033750357700993,0.000311609695150285
45,C,,194,45,1,0.003306,0.000305235772993461
45,C,,57,45,6,0.00318331589782191,0.000293908617287975
45,C,100,309,45,2,0.00261040819692536,0.000241013298190254
45,C,,316,45,3,0.00233044750311353,0.000215165137638699
45,C,,0,45,9,0.00231681212484084,0.000213906212887603
45,C,100,0,45,1,0.002308,0.000213092608611285
45,C,,179,45,2,0.00219397814079863,0.000202565218916342
45,R,,57,45,2,0.002078,0.000191857210006174
45,C,100,29,45,4,0.00191529633749898,0.000176835135537824
45,C,,137,45,1,0.0017125,0.000158111391788053
45,C,105,6,45,2,0.001602,0.000147909167675597
45,C,,339,45,2,0.00158099195998368,0.000145969541137951
45,C,,163,45,1,0.0014927,0.000137817736947169
45,C,100,49,45,1,0.0014923,0.00013778080581916
45,C,100,150,45,1,0.00148531423859895,0.000137135825697805
45,C,100,2,45,2,0.00137600397445548,0.000127043447303385
45,C,,6,45,3,0.0013401,0.000123728511611778
45,C,,267,45,1,0.0013171,0.000121604971751267
45,C,250,162,45,1,0.0013054,0.000120524736257007
45,C,105,16,45,1,0.00125,0.000115409775027776
45,C,100,159,45,2,0.00115957499485407,0.000107061031427154
45,C,250,159,45,1,0.0011257006771956,0.000103933489523007
45,C,,335,45,3,0.00112501192336643,0.000103869898383428
45,R,,0,45,2,0.00111130573193578,0.000102604435607829
45,C,,2,45,2,0.0011067,0.000102179198418591
45,R,,309,45,1,0.00104058670086772,0.0000960751016352307
45,C,105,3,45,2,0.000856003974455478,0.0000790329808918308
45,C,105,301,45,1,0.000847231182812426,0.0000782230081639187
45,C,,3,45,1,0.0008319,0.0000768075134764852
45,C,105,4,45,1,0.000782,0.0000722003552573764
45,C,100,300,45,1,0.0007573459906877,0.0000699241043227642
45,C,,327,45,2,0.000750007948910956,0.0000692465989222855
45,C,,332,45,2,0.000404969293563952,0.0000373899320506984
45,C,,157,45,1,0.000375003974455478,0.0000346232994611427
45,C,,280,45,1,0.000375003974455478,0.0000346232994611427
45,C,,146,45,1,0.000375003974455478,0.0000346232994611427
45,C,,271,45,1,0.000375003974455478,0.0000346232994611427
45,C,,173,45,1,0.000375003974455478,0.0000346232994611427
45,C,,11,45,1,0.000375003974455478,0.0000346232994611427
45,C,,160,45,1,0.000375003974455478,0.0000346232994611427
45,C,,328,45,1,0.000375003974455478,0.0000346232994611427
46,R,,2,46,4372,9.08806514826998,0.967852742331781
46,R,,29,46,146,0.125759,0.0133929710050629
46,R,,300,46,76,0.113910314894437,0.0121311201946483
46,R,,4,46,22,0.036047,0.00383890159606472
46,R,,3,46,11,0.01345,0.00143238623095044
46,R,,156,46,1,0.00402,0.00042811841252199
46,R,,5,46,2,0.003049,0.000324709711387947
46,R,,149,46,6,0.00225002383474755,0.000239621052803174
46,R,,57,46,1,0.001875,0.000199682095392719
46,R,,266,46,1,0.000375003974455478,0.000039936842346596
46,R,,0,46,1,0.000375003974455478,0.000039936842346596
46,R,,337,46,1,0.000375003974455478,0.000039936842346596
46,R,,332,46,1,0.000375003974455478,0.000039936842346596
48,R,,2,48,4993,4.71939526451124,0.870513990563517
48,R,,29,48,832,0.568831003396387,0.104923474082886
48,R,,3,48,69,0.0577729987396324,0.0106564932286652
48,R,,300,48,71,0.0322218701368524,0.00594347097120201
48,R,,4,48,26,0.023576,0.00434870077440969
48,R,,6,48,9,0.006,0.00110672737726748
48,R,,0,48,11,0.00509173364321576,0.00093919350345013
48,R,,301,48,7,0.00385844085498276,0.000711707021296128
48,R,,20,48,1,0.002392,0.00044121531440397
48,R,,266,48,3,0.00112501192336643,0.000207513582556997
48,R,,330,48,2,0.00075000793692564,0.000138342386160585
48,R,,149,48,1,0.000375003974455478,0.0000691711941856655
6,R,,2,6,6795,5.52900985771891,0.763137456338978
6,R,,29,6,2167,1.31215917857299,0.181109790652673
6,R,,3,6,195,0.166421119109811,0.0229701506755758
6,R,,4,6,75,0.0805937119233664,0.011123886897805
6,R,,6,6,104,0.0717536842832179,0.00990374868483891
6,R,,300,6,108,0.0570717745380046,0.00787728905725868
6,R,,0,6,15,0.00857081405699045,0.00118298020920956
6,R,,57,6,7,0.006679,0.000921863986871402
6,R,,5,6,2,0.002396,0.000330706110577014
6,R,,301,6,3,0.00238184620168779,0.000328752543135561
6,R,,266,6,5,0.00187501987227739,0.00025879821753567
6,R,,149,6,4,0.00150001589782191,0.000207038574028536
6,R,,9,6,2,0.00143,0.000197374682022175
6,R,,11,6,1,0.001224,0.000168941685870728
6,R,,332,6,4,0.00115447623048959,0.000159345719507022
6,R,,8,6,1,0.000508,0.0000701163206064788
6,R,,337,6,1,0.000375003974455478,0.000051759643507134
7,R,,2,7,7712,6.59403563875717,0.919999063248259
7,R,,29,7,666,0.387682320945817,0.0540893910265984
7,R,,300,7,135,0.0624303579721159,0.00871027607357995
7,R,,3,7,72,0.058542007948911,0.00816777394363936
7,R,,6,7,29,0.0238210119233664,0.00332350473302162
7,R,,4,7,18,0.0171250039744555,0.00238927850526316
7,R,,57,7,16,0.016103,0.0022466886330446
7,R,,301,7,3,0.00344823243966806,0.000481096977351913
7,R,,309,7,4,0.00143579681730165,0.0002003222001362
7,R,,8,7,2,0.001131,0.000157796984659594
7,R,,9,7,1,0.001011,0.000141054599019319
7,R,,149,7,1,0.000375003974455478,0.0000523205096414127
7,R,,182,7,1,0.000267,0.0000372518080496123
7,R,,332,7,1,0.0000299653191084745,0.00000418075773623323
77,R,,2,77,4759,3.00489384097387,0.763975001890114
77,R,,29,77,1437,0.77240533713432,0.196379106925747
77,R,,300,77,244,0.100137330256115,0.0254592744770286
77,R,,3,77,49,0.0339898346409122,0.00864169763002997
77,R,,4,77,14,0.0114700119233664,0.00291617702474092
77,R,,301,77,6,0.00452241481977792,0.00114979498555861
77,R,,6,77,4,0.002387,0.000606879452660025
77,R,,309,77,3,0.00187515161766237,0.000476745281684751
77,R,,57,77,2,0.001465,0.000372466861393773
77,R,,149,77,2,0.0000599306382169491,0.0000152369806948756
77,R,,332,77,1,0.0000299653191084745,0.00000761849034743779
79,R,,2,79,6311,4.72604361731334,0.742900396478505
79,R,,29,79,1577,1.04322376078736,0.163987345073489
79,R,,300,79,517,0.25735745690842,0.0404547592564652
79,R,,3,79,192,0.161712351209236,0.025420029850911
79,R,,6,79,93,0.0733686475605802,0.0115330288451362
79,R,,4,79,67,0.0661010039744555,0.0103906070355242
79,R,,301,79,32,0.0262209458502097,0.00412174593497212
79,R,,266,79,8,0.00300003175968788,0.00047158362558389
79,R,,309,79,2,0.00184655785777058,0.000290265743556151
79,R,,101,79,1,0.001187,0.000186587945864385
79,R,,57,79,1,0.0008,0.000125754302183242
79,R,,332,79,1,0.000375003974455478,0.0000589479539044887
79,R,,149,79,1,0.000375003974455478,0.0000589479539044887
8,R,,2,8,4604,4.94188147760045,0.928446285799658
8,R,,29,8,345,0.19113040099219,0.0359082490563416
8,R,,300,8,163,0.0866922702893391,0.0162871401757613
8,R,,3,8,54,0.0597446039744555,0.0112244002427165
8,R,,4,8,19,0.0205572325254098,0.00386214972395577
8,R,,6,8,11,0.00715655536353815,0.00134452379655671
8,R,,57,8,6,0.006323,0.00118792121820811
8,R,,266,8,8,0.00300003179564382,0.000563625087038476
8,R,,5,8,2,0.002768,0.00052003256871739
8,R,,149,8,3,0.00112501192336643,0.000211359407639429
8,R,,301,8,1,0.00105221123737814,0.000197682121606597
8,R,,0,8,1,0.000732752509072062,0.000137664439857969
8,R,,8,8,1,0.00058,0.000108966361942228
81,R,,2,81,4667,4.92713640440416,0.936268851110252
81,R,,300,81,206,0.134053466482153,0.0254732312542441
81,R,,29,81,188,0.130431007948911,0.024784881103012
81,R,,3,81,54,0.0519844039744555,0.00987822828312797
81,R,,4,81,17,0.017992,0.00341889239236777
81,R,,0,81,1,0.000490826638587992,0.0000932683115073325
81,R,,332,81,3,0.000434934612672427,0.0000826475454892831
82,R,,2,82,4977,4.87971315368154,0.738284247573665
82,R,,29,82,1545,1.20784565366451,0.182742999745395
82,R,,3,82,285,0.28264903094065,0.0427638511862129
82,R,,4,82,109,0.131941899895003,0.0199623672989733
82,R,,6,82,73,0.0671442337266628,0.0101586975534412
82,R,,309,82,7,0.0128533754154646,0.00194467262696143
82,R,,0,82,14,0.00883047562569571,0.00133602137005035
82,R,,300,82,23,0.00816424632238381,0.00123522310908371
82,R,,301,82,3,0.00426564011460809,0.000645377054603608
82,R,,20,82,2,0.002834,0.000428774702882938
82,R,,5,82,1,0.001308,0.000197896016715202
82,R,,149,82,3,0.00112501192336643,0.000170210533938322
82,R,,180,82,1,0.000857,0.000129661228077162
