track,kind,level,key,n_parcels,av_base,pred_total,pred_land,pred_imps,share_report,share_model,run,mode,scenario,act_total,act_land,act_imps,act_prev,act_n,nbhds,area_name,err_total,err_land,err_imps,miss_usd,n_parcels_all,av_base_all,coverage_ratio,coverage_basis,count_ratio,coverage_flag,cell_type,cell_label,actual_scope,mode_lab
com,geo,area,10,333,1065074898,-0.00390000000000068,-0.00390000000000057,-0.0039000000000009,1,0,anchored,anchor_qa,baseline,-0.0039,,,3962976475,,,,-0.000000000000000680878964320897,,,-0.000000725187093474425,333,1065074898,0.268756300906379,panel matched AV / report total AV,,TRUE,Commercial area,Com 10,area report,Anchored parcels (QA)
com,geo,area,10,11,15154700,0.0279045896241159,-0.00390000000000013,0.0626271241375558,0,1,anchored,model_rows,optimistic,-0.0039,,,3962976475,,,,0.0318045896241159,,,481989.014376589,333,1065074898,0.268756300906379,panel matched AV / report total AV,,TRUE,Commercial area,Com 10,area report,Model-sourced parcels (anchored run)
com,geo,area,10,322,1049920198,-0.00389942972416613,-0.00390000000000068,-0.00389561644090064,1,0,anchored,anchor_qa,optimistic,-0.0039,,,3962976475,,,,0.000000570275833874055,,,598.744116415663,333,1065074898,0.268756300906379,panel matched AV / report total AV,,TRUE,Commercial area,Com 10,area report,Anchored parcels (QA)
com,geo,area,10,11,15154700,0.014454946439137,-0.00390000000000013,0.0344938863769761,0,1,anchored,model_rows,pessimistic,-0.0039,,,3962976475,,,,0.018354946439137,,,278163.70680119,333,1065074898,0.268756300906379,panel matched AV / report total AV,,TRUE,Commercial area,Com 10,area report,Model-sourced parcels (anchored run)
com,geo,area,10,322,1049920198,-0.00389967088453269,-0.00390000000000068,-0.00389747017668163,1,0,anchored,anchor_qa,pessimistic,-0.0039,,,3962976475,,,,0.000000329115467308759,,,345.544976601675,333,1065074898,0.268756300906379,panel matched AV / report total AV,,TRUE,Commercial area,Com 10,area report,Anchored parcels (QA)
com,geo,area,14,364,929539700,0.0746999999999995,0.0746999999999995,0.0746999999999995,1,0,anchored,anchor_qa,baseline,0.0747,,,5242027652,,,,-0.000000000000000457966997657877,,,-0.000000425698505612804,364,929539700,0.177324455670384,panel matched AV / report total AV,,TRUE,Commercial area,Com 14,area report,Anchored parcels (QA)
com,geo,area,14,10,17132600,0.0944305896092354,0.0746999999999998,0.149516586149173,0,1,anchored,model_rows,optimistic,0.0747,,,5242027652,,,,0.0197305896092354,,,338036.299539187,364,929539700,0.177324455670384,panel matched AV / report total AV,,TRUE,Commercial area,Com 14,area report,Model-sourced parcels (anchored run)
com,geo,area,14,354,912407100,0.0747008260069499,0.0746999999999995,0.0747046670572493,1,0,anchored,anchor_qa,optimistic,0.0747,,,5242027652,,,,0.000000826006949936065,,,753.65460577101,364,929539700,0.177324455670384,panel matched AV / report total AV,,TRUE,Commercial area,Com 14,area report,Anchored parcels (QA)
com,geo,area,14,10,17132600,0.0863751827578787,0.0746999999999998,0.118971222194157,0,1,anchored,model_rows,pessimistic,0.0747,,,5242027652,,,,0.0116751827578787,,,200026.236117633,364,929539700,0.177324455670384,panel matched AV / report total AV,,TRUE,Commercial area,Com 14,area report,Model-sourced parcels (anchored run)
com,geo,area,14,354,912407100,0.0747004767020578,0.0746999999999995,0.0747026934347164,1,0,anchored,anchor_qa,pessimistic,0.0747,,,5242027652,,,,0.000000476702057813916,,,434.946342134027,364,929539700,0.177324455670384,panel matched AV / report total AV,,TRUE,Commercial area,Com 14,area report,Anchored parcels (QA)
com,geo,area,17,800,2491493400,0.00239999999999951,0.00239999999999951,0.00239999999999951,1,0,anchored,anchor_qa,baseline,0.0024,,,9003474699,,,,-0.0000000000000004861562541425,,,-0.00000121125509856476,800,2491493400,0.27672576236336,panel matched AV / report total AV,,TRUE,Commercial area,Com 17,area report,Anchored parcels (QA)
com,geo,area,17,77,214395900,0.0284053794147756,0.00239999999999974,0.0693478859908498,0,1,anchored,model_rows,optimistic,0.0024,,,9003474699,,,,0.0260053794147756,,,5575446.72447229,800,2491493400,0.27672576236336,panel matched AV / report total AV,,TRUE,Commercial area,Com 17,area report,Model-sourced parcels (anchored run)
com,geo,area,17,723,2277097500,0.00240116720126071,0.00239999999999974,0.00240754096674545,1,0,anchored,anchor_qa,optimistic,0.0024,,,9003474699,,,,0.00000116720126071236,,,2657.83107276496,800,2491493400,0.27672576236336,panel matched AV / report total AV,,TRUE,Commercial area,Com 17,area report,Anchored parcels (QA)
com,geo,area,17,77,214395900,0.0174081278183105,0.00239999999999974,0.0410367148923607,0,1,anchored,model_rows,pessimistic,0.0024,,,9003474699,,,,0.0150081278183105,,,3217681.07092171,800,2491493400,0.27672576236336,panel matched AV / report total AV,,TRUE,Commercial area,Com 17,area report,Model-sourced parcels (anchored run)
com,geo,area,17,723,2277097500,0.00240067361084906,0.00239999999999974,0.00240435201467282,1,0,anchored,anchor_qa,pessimistic,0.0024,,,9003474699,,,,0.000000673610849058048,,,1533.87758036296,800,2491493400,0.27672576236336,panel matched AV / report total AV,,TRUE,Commercial area,Com 17,area report,Anchored parcels (QA)
com,geo,area,19,885,2189297500,0.000900000000000345,0.000900000000000567,0.000900000000000345,1,0,anchored,anchor_qa,baseline,0.0009,,,4623849400,,,,0.000000000000000344993131284888,,,0.000000755292599839176,885,2189297500,0.473479413062199,panel matched AV / report total AV,,TRUE,Commercial area,Com 19,area report,Anchored parcels (QA)
com,geo,area,19,86,187752750,0.0294094430397398,0.000900000000000567,0.0677477045972095,0,1,anchored,model_rows,optimistic,0.0009,,,4623849400,,,,0.0285094430397398,,,5352726.33167951,885,2189297500,0.473479413062199,panel matched AV / report total AV,,TRUE,Commercial area,Com 19,area report,Model-sourced parcels (anchored run)
com,geo,area,19,799,2001544750,0.000900871689274441,0.000900000000000345,0.000904706956805112,1,0,anchored,anchor_qa,optimistic,0.0009,,,4623849400,,,,0.000000871689274440637,,,1744.72509088797,885,2189297500,0.473479413062199,panel matched AV / report total AV,,TRUE,Commercial area,Com 19,area report,Anchored parcels (QA)
com,geo,area,19,85,186350650,0.0174718615742977,0.000900000000000567,0.039478898579175,0,1,anchored,model_rows,pessimistic,0.0009,,,4623849400,,,,0.0165718615742977,,,3088177.1760804,885,2189297500,0.473479413062199,panel matched AV / report total AV,,TRUE,Commercial area,Com 19,area report,Model-sourced parcels (anchored run)
com,geo,area,19,800,2002946850,0.000900986166761264,0.000900000000000345,0.000905328482998735,1,0,anchored,anchor_qa,pessimistic,0.0009,,,4623849400,,,,0.000000986166761263998,,,1975.23960804843,885,2189297500,0.473479413062199,panel matched AV / report total AV,,TRUE,Commercial area,Com 19,area report,Anchored parcels (QA)
com,geo,area,20,1,2448000,0.728552557865379,,-0.0647000000000002,0,1,anchored,model_rows,baseline,-0.0647,,,11365040150,,,,0.793252557865379,,,1941882.26165445,703,2562745250,0.225493726038443,panel matched AV / report total AV,,TRUE,Commercial area,Com 20,area report,Model-sourced parcels (anchored run)
com,geo,area,20,702,2560297250,-0.0646996346908546,-0.0646999999999999,-0.0646988543128937,1,0,anchored,anchor_qa,baseline,-0.0647,,,11365040150,,,,0.000000365309145392012,,,935.300000347019,703,2562745250,0.225493726038443,panel matched AV / report total AV,,TRUE,Commercial area,Com 20,area report,Anchored parcels (QA)
com,geo,area,20,34,84078800,0.00443847515954143,0.0139358763093338,-0.00537720123012919,0,1,anchored,model_rows,optimistic,-0.0647,,,11365040150,,,,0.0691384751595414,,,5813080.02524405,703,2562745250,0.225493726038443,panel matched AV / report total AV,,TRUE,Commercial area,Com 20,area report,Model-sourced parcels (anchored run)
com,geo,area,20,669,2478666450,-0.064699320240422,-0.0646999999999999,-0.0646978328387016,1,0,anchored,anchor_qa,optimistic,-0.0647,,,11365040150,,,,0.000000679759577973393,,,1684.89725998881,703,2562745250,0.225493726038443,panel matched AV / report total AV,,TRUE,Commercial area,Com 20,area report,Anchored parcels (QA)
com,geo,area,20,34,84078800,-0.00624231843949497,0.0170194842630997,-0.0302836665901969,0,1,anchored,model_rows,pessimistic,-0.0647,,,11365040150,,,,0.058457681560505,,,4915051.71638939,703,2562745250,0.225493726038443,panel matched AV / report total AV,,TRUE,Commercial area,Com 20,area report,Model-sourced parcels (anchored run)
com,geo,area,20,669,2478666450,-0.0646994481287378,-0.0646999999999999,-0.0646982405631643,1,0,anchored,anchor_qa,pessimistic,-0.0647,,,11365040150,,,,0.000000551871262147174,,,1367.90478220336,703,2562745250,0.225493726038443,panel matched AV / report total AV,,TRUE,Commercial area,Com 20,area report,Anchored parcels (QA)
com,geo,area,25,548,2358491030,-0.0530000000000007,-0.0530000000000006,-0.0530000000000004,1,0,anchored,anchor_qa,baseline,-0.053,,,9852249530,,,,-0.000000000000000714706072102445,,,-0.00000168562786014015,548,2358491030,0.239386043037016,panel matched AV / report total AV,,TRUE,Commercial area,Com 25,area report,Anchored parcels (QA)
com,geo,area,25,33,110116720,-0.0282656768104942,-0.0530000000000004,0.0102478531856889,0,1,anchored,model_rows,optimistic,-0.053,,,9852249530,,,,0.0247343231895058,,,2723662.54104832,548,2358491030,0.239386043037016,panel matched AV / report total AV,,TRUE,Commercial area,Com 25,area report,Model-sourced parcels (anchored run)
com,geo,area,25,515,2248374310,-0.0529995780427697,-0.0530000000000006,-0.0529983416824814,1,0,anchored,anchor_qa,optimistic,-0.053,,,9852249530,,,,0.000000421957230330172,,,948.717796593112,548,2358491030,0.239386043037016,panel matched AV / report total AV,,TRUE,Commercial area,Com 25,area report,Anchored parcels (QA)
com,geo,area,25,32,109612720,-0.0386652793568831,-0.0530000000000004,-0.0164986342746752,0,1,anchored,model_rows,pessimistic,-0.053,,,9852249530,,,,0.0143347206431169,,,1571267.72013219,548,2358491030,0.239386043037016,panel matched AV / report total AV,,TRUE,Commercial area,Com 25,area report,Model-sourced parcels (anchored run)
com,geo,area,25,516,2248878310,-0.0529994887259956,-0.0530000000000006,-0.0529979902696858,1,0,anchored,anchor_qa,pessimistic,-0.053,,,9852249530,,,,0.000000511274004418028,,,1149.79301900255,548,2358491030,0.239386043037016,panel matched AV / report total AV,,TRUE,Commercial area,Com 25,area report,Anchored parcels (QA)
com,geo,area,30,444,3733342175,-0.3104,-0.3104,-0.3104,1,0,anchored,anchor_qa,baseline,-0.3104,,,12838322086,,,,0,,,0,444,3733342175,0.290796737298806,panel matched AV / report total AV,,TRUE,Commercial area,Com 30,area report,Anchored parcels (QA)
com,geo,area,30,19,69094100,-0.293539465829246,-0.3104,-0.264343273963198,0,1,anchored,model_rows,optimistic,-0.3104,,,12838322086,,,,0.0168605341707536,,,1164963.43404747,444,3733342175,0.290796737298806,panel matched AV / report total AV,,TRUE,Commercial area,Com 30,area report,Model-sourced parcels (anchored run)
com,geo,area,30,425,3664248075,-0.310399769983345,-0.3104,-0.310398392040375,1,0,anchored,anchor_qa,optimistic,-0.3104,,,12838322086,,,,0.000000230016655389242,,,842.83808672797,444,3733342175,0.290796737298806,panel matched AV / report total AV,,TRUE,Commercial area,Com 30,area report,Anchored parcels (QA)
com,geo,area,30,19,69094100,-0.300669511246743,-0.3104,-0.283819913617545,0,1,anchored,model_rows,pessimistic,-0.3104,,,12838322086,,,,0.00973048875325733,,,672319.362966437,444,3733342175,0.290796737298806,panel matched AV / report total AV,,TRUE,Commercial area,Com 30,area report,Model-sourced parcels (anchored run)
com,geo,area,30,425,3664248075,-0.310399867253644,-0.3104,-0.310399072020323,1,0,anchored,anchor_qa,pessimistic,-0.3104,,,12838322086,,,,0.000000132746356351632,,,486.415580724731,444,3733342175,0.290796737298806,panel matched AV / report total AV,,TRUE,Commercial area,Com 30,area report,Anchored parcels (QA)
com,geo,area,35,764,3638246900,-0.0181000000000001,-0.0181000000000002,-0.0180999999999999,1,0,anchored,anchor_qa,baseline,-0.0181,,,10398097170,,,,-0.000000000000000114491749414469,,,-0.00000041654925238277,764,3638246900,0.349895451111658,panel matched AV / report total AV,,TRUE,Commercial area,Com 35,area report,Anchored parcels (QA)
com,geo,area,35,11,40648700,0.0270481717447011,-0.0181000000000003,0.0474787402777508,0,1,anchored,model_rows,optimistic,-0.0181,,,10398097170,,,,0.0451481717447011,,,1835214.48879883,764,3638246900,0.349895451111658,panel matched AV / report total AV,,TRUE,Commercial area,Com 35,area report,Model-sourced parcels (anchored run)
com,geo,area,35,753,3597598200,-0.0180999817715218,-0.0181000000000001,-0.0180999615010509,1,0,anchored,anchor_qa,optimistic,-0.0181,,,10398097170,,,,0.0000000182284781678754,,,65.5787402454879,764,3638246900,0.349895451111658,panel matched AV / report total AV,,TRUE,Commercial area,Com 35,area report,Anchored parcels (QA)
com,geo,area,35,11,40648700,0.00795574490955242,-0.0181000000000003,0.0197465586121419,0,1,anchored,model_rows,pessimistic,-0.0181,,,10398097170,,,,0.0260557449095524,,,1059132.15810492,764,3638246900,0.349895451111658,panel matched AV / report total AV,,TRUE,Commercial area,Com 35,area report,Model-sourced parcels (anchored run)
com,geo,area,35,753,3597598200,-0.0180999894800485,-0.0181000000000001,-0.0180999777816298,1,0,anchored,anchor_qa,pessimistic,-0.0181,,,10398097170,,,,0.0000000105199514620347,,,37.8465584439033,764,3638246900,0.349895451111658,panel matched AV / report total AV,,TRUE,Commercial area,Com 35,area report,Anchored parcels (QA)
com,geo,area,36,1,622000,0.230104180064309,0.032,,0,1,anchored,model_rows,baseline,0.032,,,5670339032,,,,0.198104180064309,,,123220.8,410,1171604902,0.206619903217103,panel matched AV / report total AV,,TRUE,Commercial area,Com 36,area report,Model-sourced parcels (anchored run)
com,geo,area,36,409,1170982902,0.0319999999999994,0.0319999999999994,0.0319999999999991,1,0,anchored,anchor_qa,baseline,0.032,,,5670339032,,,,-0.000000000000000638378239159465,,,-0.0000007475300030646,410,1171604902,0.206619903217103,panel matched AV / report total AV,,TRUE,Commercial area,Com 36,area report,Anchored parcels (QA)
com,geo,area,36,14,45652300,0.0703463009860859,0.0319999999999996,0.109335478985488,0,1,anchored,model_rows,optimistic,0.032,,,5670339032,,,,0.0383463009860859,,,1750596.83650709,410,1171604902,0.206619903217103,panel matched AV / report total AV,,TRUE,Commercial area,Com 36,area report,Model-sourced parcels (anchored run)
com,geo,area,36,396,1125952602,0.0319999999999996,0.0319999999999994,0.0319999999999994,1,0,anchored,anchor_qa,optimistic,0.032,,,5670339032,,,,-0.000000000000000416333634234434,,,-0.000000468771938766377,410,1171604902,0.206619903217103,panel matched AV / report total AV,,TRUE,Commercial area,Com 36,area report,Anchored parcels (QA)
com,geo,area,36,14,45652300,0.0558938611275028,0.0319999999999996,0.080188303632694,0,1,anchored,model_rows,pessimistic,0.032,,,5670339032,,,,0.0238938611275028,,,1090809.7163511,410,1171604902,0.206619903217103,panel matched AV / report total AV,,TRUE,Commercial area,Com 36,area report,Model-sourced parcels (anchored run)
com,geo,area,36,396,1125952602,0.0319999999999996,0.0319999999999994,0.0319999999999994,1,0,anchored,anchor_qa,pessimistic,0.032,,,5670339032,,,,-0.000000000000000416333634234434,,,-0.000000468771938766377,410,1171604902,0.206619903217103,panel matched AV / report total AV,,TRUE,Commercial area,Com 36,area report,Anchored parcels (QA)
com,geo,area,40,1,1908000,0.0880702515723266,-0.00630000000000042,,0,1,anchored,model_rows,baseline,-0.0063,,,4022072308,,,,0.0943702515723266,,,180058.439999999,493,1143423150,0.284287069560063,panel matched AV / report total AV,,TRUE,Commercial area,Com 40,area report,Model-sourced parcels (anchored run)
com,geo,area,40,492,1141515150,-0.00629999999999997,-0.00629999999999986,-0.00629999999999997,1,0,anchored,anchor_qa,baseline,-0.0063,,,4022072308,,,,0.0000000000000000277555756156289,,,0.000000031683410062211,493,1143423150,0.284287069560063,panel matched AV / report total AV,,TRUE,Commercial area,Com 40,area report,Anchored parcels (QA)
com,geo,area,40,44,59744980,0.0368735684832882,-0.00629999999999964,0.0650473206088902,0,1,anchored,model_rows,optimistic,-0.0063,,,4022072308,,,,0.0431735684832882,,,2579403.98556268,493,1143423150,0.284287069560063,panel matched AV / report total AV,,TRUE,Commercial area,Com 40,area report,Model-sourced parcels (anchored run)
com,geo,area,40,449,1083678170,-0.0062996325468071,-0.00629999999999986,-0.00629764833923097,1,0,anchored,anchor_qa,optimistic,-0.0063,,,4022072308,,,,0.000000367453192900991,,,398.201003643602,493,1143423150,0.284287069560063,panel matched AV / report total AV,,TRUE,Commercial area,Com 40,area report,Anchored parcels (QA)
com,geo,area,40,44,59744980,0.0198906492363062,-0.00629999999999964,0.0369818669770381,0,1,anchored,model_rows,pessimistic,-0.0063,,,4022072308,,,,0.0261906492363062,,,1564759.81481013,493,1143423150,0.284287069560063,panel matched AV / report total AV,,TRUE,Commercial area,Com 40,area report,Model-sourced parcels (anchored run)
com,geo,area,40,449,1083678170,-0.00629978793678043,-0.00629999999999986,-0.00629864281828607,1,0,anchored,anchor_qa,pessimistic,-0.0063,,,4022072308,,,,0.000000212063219567904,,,229.808281705654,493,1143423150,0.284287069560063,panel matched AV / report total AV,,TRUE,Commercial area,Com 40,area report,Anchored parcels (QA)
com,geo,area,45,522,868692800,0.0283999999999998,0.0283999999999998,0.0284,1,0,anchored,anchor_qa,baseline,0.0284,,,3966422800,,,,-0.000000000000000242861286636753,,,-0.000000210971851100084,522,868692800,0.219011649489308,panel matched AV / report total AV,,TRUE,Commercial area,Com 45,area report,Anchored parcels (QA)
com,geo,area,45,508,846268200,0.0341002526842216,0.0283999999999998,0.045684956063732,0,1,anchored,model_rows,optimistic,0.0284,,,3966422800,,,,0.00570025268422157,,,4823942.57862135,522,868692800,0.219011649489308,panel matched AV / report total AV,,TRUE,Commercial area,Com 45,area report,Model-sourced parcels (anchored run)
com,geo,area,45,14,22424600,0.0284,0.0284,0.0284,1,0,anchored,anchor_qa,optimistic,0.0284,,,3966422800,,,,-0.0000000000000000208166817117217,,,-0.000000000466805760712674,522,868692800,0.219011649489308,panel matched AV / report total AV,,TRUE,Commercial area,Com 45,area report,Anchored parcels (QA)
com,geo,area,45,508,846268200,0.0317000967991956,0.0283999999999998,0.0384069297520886,0,1,anchored,model_rows,pessimistic,0.0284,,,3966422800,,,,0.00330009679919561,,,2792766.97808103,522,868692800,0.219011649489308,panel matched AV / report total AV,,TRUE,Commercial area,Com 45,area report,Model-sourced parcels (anchored run)
com,geo,area,45,14,22424600,0.0284,0.0284,0.0284,1,0,anchored,anchor_qa,pessimistic,0.0284,,,3966422800,,,,-0.0000000000000000208166817117217,,,-0.000000000466805760712674,522,868692800,0.219011649489308,panel matched AV / report total AV,,TRUE,Commercial area,Com 45,area report,Anchored parcels (QA)
com,specialty,spec,100,4489,33831464306,0.0140113212699708,0.014029732231867,0.0139995886244373,0,1,anchored,model_rows,baseline,-0.0575,-0.0605,-0.0565,99936970398,,,,0.0715113212699708,0.074529732231867,0.0704995886244373,2419332713.01992,4489,33831464306,0.338528015921094,panel matched AV / report total AV,,FALSE,Commercial specialty,Spec 100,countywide specialty report,Model-sourced parcels (anchored run)
com,specialty,spec,100,4489,33831464306,-0.0156375277472868,-0.00990138254696193,-0.0192929673025394,0,1,anchored,model_rows,optimistic,-0.0575,-0.0605,-0.0565,99936970398,,,,0.0418624722527132,0.0505986174530381,0.0372070326974606,1416268735.77858,4489,33831464306,0.338528015921094,panel matched AV / report total AV,,FALSE,Commercial specialty,Spec 100,countywide specialty report,Model-sourced parcels (anchored run)
com,specialty,spec,100,4489,33831464306,-0.0357763081886453,-0.00935879185211508,-0.05261124363669,0,1,anchored,model_rows,pessimistic,-0.0575,-0.0605,-0.0565,99936970398,,,,0.0217236918113547,0.0511412081478849,0.00388875636330999,734944304.110391,4489,33831464306,0.338528015921094,panel matched AV / report total AV,,FALSE,Commercial specialty,Spec 100,countywide specialty report,Model-sourced parcels (anchored run)
com,specialty,spec,250,62,1922590400,0.00169424435902821,0.00552280590603771,-0.0296390878456755,0,1,anchored,model_rows,baseline,0.0043,,,8724260000,,,,-0.00260575564097179,,,-5009800.78007822,62,1922590400,0.220372891225158,panel matched AV / report total AV,,FALSE,Commercial specialty,Spec 250,countywide specialty report,Model-sourced parcels (anchored run)
com,specialty,spec,250,62,1922590400,-0.00187145097504649,-0.00153931208387126,-0.0045897090172673,0,1,anchored,model_rows,optimistic,0.0043,,,8724260000,,,,-0.00617145097504649,,,-11865172.398695,62,1922590400,0.220372891225158,panel matched AV / report total AV,,FALSE,Commercial specialty,Spec 250,countywide specialty report,Model-sourced parcels (anchored run)
com,specialty,spec,250,62,1922590400,-0.00222907728923138,-0.00131170354989429,-0.00973695610418024,0,1,anchored,model_rows,pessimistic,0.0043,,,8724260000,,,,-0.00652907728923139,,,-12552741.3171343,62,1922590400,0.220372891225158,panel matched AV / report total AV,,FALSE,Commercial specialty,Spec 250,countywide specialty report,Model-sourced parcels (anchored run)
com,specialty,spec,413,46,175209900,0.00667509196980243,0.00690017018372302,0.00193198905402547,0,1,anchored,model_rows,baseline,0.0051,,,798729150,,,,0.00157509196980243,,,275971.706519886,46,175209900,0.219360843409809,panel matched AV / report total AV,,FALSE,Commercial specialty,Spec 413,countywide specialty report,Model-sourced parcels (anchored run)
com,specialty,spec,413,46,175209900,0.00323705235676952,0.00476081026609054,-0.0288732992261271,0,1,anchored,model_rows,optimistic,0.0051,,,798729150,,,,-0.00186294764323048,,,-326406.870275648,46,175209900,0.219360843409809,panel matched AV / report total AV,,FALSE,Commercial specialty,Spec 413,countywide specialty report,Model-sourced parcels (anchored run)
com,specialty,spec,413,46,175209900,0.00275584618349378,0.00463370859032874,-0.0368165962228204,0,1,anchored,model_rows,pessimistic,0.0051,,,798729150,,,,-0.00234415381650622,,,-410718.955774673,46,175209900,0.219360843409809,panel matched AV / report total AV,,FALSE,Commercial specialty,Spec 413,countywide specialty report,Model-sourced parcels (anchored run)
com,specialty,spec,520,7,153637700,-0.021383669257112,0.00783470455712454,-0.0515719198397107,0,1,anchored,model_rows,baseline,0.0102,,,3291444600,,,,-0.031583669257112,,,-4852442.3022234,7,153637700,0.0466778933481062,panel matched AV / report total AV,,FALSE,Commercial specialty,Spec 520,countywide specialty report,Model-sourced parcels (anchored run)
com,specialty,spec,520,7,153637700,0.00516572996994347,0.00582282488355412,0.00448682340126383,0,1,anchored,model_rows,optimistic,0.0102,,,3291444600,,,,-0.00503427003005653,,,-773453.668596817,7,153637700,0.0466778933481062,panel matched AV / report total AV,,FALSE,Commercial specialty,Spec 520,countywide specialty report,Model-sourced parcels (anchored run)
com,specialty,spec,520,7,153637700,0.0240452636124779,0.00602657269348339,0.0426620682331365,0,1,anchored,model_rows,pessimistic,0.0102,,,3291444600,,,,0.0138452636124779,,,2127154.4573148,7,153637700,0.0466778933481062,panel matched AV / report total AV,,FALSE,Commercial specialty,Spec 520,countywide specialty report,Model-sourced parcels (anchored run)
com,specialty,spec,800,43,2751993100,0.054534219392854,-0.00829299673216366,0.0663658409075769,0,1,anchored,model_rows,baseline,-0.1229,,,6583234800,,,,0.177434219392854,,,488297747.47302,43,2751993100,0.41803052505434,panel matched AV / report total AV,,FALSE,Commercial specialty,Spec 800,countywide specialty report,Model-sourced parcels (anchored run)
com,specialty,spec,800,43,2751993100,0.067827265374905,-0.00630910578547939,0.0817886269972197,0,1,anchored,model_rows,optimistic,-0.1229,,,6583234800,,,,0.190727265374905,,,524880118.293608,43,2751993100,0.41803052505434,panel matched AV / report total AV,,FALSE,Commercial specialty,Spec 800,countywide specialty report,Model-sourced parcels (anchored run)
com,specialty,spec,800,43,2751993100,0.0446179079292748,-0.00826798235545767,0.0545773789342134,0,1,anchored,model_rows,pessimistic,-0.1229,,,6583234800,,,,0.167517907929275,,,461008126.7478,43,2751993100,0.41803052505434,panel matched AV / report total AV,,FALSE,Commercial specialty,Spec 800,countywide specialty report,Model-sourced parcels (anchored run)
com,specialty,spec_region,100|R1,4104,32123812746,0.0123483886868561,0.0136851402004288,0.0114915565227136,0,1,anchored,model_rows,baseline,-0.0836,,,,,"5,10,15,20,30,35,40,45,50,55,60,65,70,75,80,85,90,95,100,110,115,125,130,135,140,145,150,155,225,230,235,415,420",Central / North,0.095948388686856,,,3082228071.45699,4104,32123812746,,panel matched AV / report total AV,,FALSE,Commercial specialty,Spec 100 Central / North,specialty region (multi-city),Model-sourced parcels (anchored run)
com,specialty,spec_region,100|R1,4104,32123812746,-0.0170507139107232,-0.010297046492946,-0.0213796856086915,0,1,anchored,model_rows,optimistic,-0.0836,,,,,"5,10,15,20,30,35,40,45,50,55,60,65,70,75,80,85,90,95,100,110,115,125,130,135,140,145,150,155,225,230,235,415,420",Central / North,0.0665492860892768,,,2137816804.71191,4104,32123812746,,panel matched AV / report total AV,,FALSE,Commercial specialty,Spec 100 Central / North,specialty region (multi-city),Model-sourced parcels (anchored run)
com,specialty,spec_region,100|R1,4104,32123812746,-0.0370897001699219,-0.00972275890985208,-0.0546313863155798,0,1,anchored,model_rows,pessimistic,-0.0836,,,,,"5,10,15,20,30,35,40,45,50,55,60,65,70,75,80,85,90,95,100,110,115,125,130,135,140,145,150,155,225,230,235,415,420",Central / North,0.0465102998300781,,,1494088162.50175,4104,32123812746,,panel matched AV / report total AV,,FALSE,Commercial specialty,Spec 100 Central / North,specialty region (multi-city),Model-sourced parcels (anchored run)
com,specialty,spec_region,100|R2,385,1707651560,0.0452938944602548,0.021001248803503,0.0591493231797593,0,1,anchored,model_rows,baseline,-0.1009,,,,,"160,165,170,175,185,195,200,205,215,220,240,245,250,255,270,285,290,295,300,305,310,315,320,325,330,440,460,465,475",South,0.146193894460255,,,249648231.937529,385,1707651560,,panel matched AV / report total AV,,FALSE,Commercial specialty,Spec 100 South,specialty region (multi-city),Model-sourced parcels (anchored run)
com,specialty,spec_region,100|R2,385,1707651560,0.0109468930753487,-0.0018966189291969,0.0182722526760071,0,1,anchored,model_rows,optimistic,-0.1009,,,,,"160,165,170,175,185,195,200,205,215,220,240,245,250,255,270,285,290,295,300,305,310,315,320,325,330,440,460,465,475",South,0.111846893075349,,,190995521.441272,385,1707651560,,panel matched AV / report total AV,,FALSE,Commercial specialty,Spec 100 South,specialty region (multi-city),Model-sourced parcels (anchored run)
com,specialty,spec_region,100|R2,385,1707651560,-0.0110691846413623,-0.00199529489615347,-0.0162445218339353,0,1,anchored,model_rows,pessimistic,-0.1009,,,,,"160,165,170,175,185,195,200,205,215,220,240,245,250,255,270,285,290,295,300,305,310,315,320,325,330,440,460,465,475",South,0.0898308153586377,,,153399731.98325,385,1707651560,,panel matched AV / report total AV,,FALSE,Commercial specialty,Spec 100 South,specialty region (multi-city),Model-sourced parcels (anchored run)
condo,condo,condo_area,700_01,5838,2911295300,0.0406033269772705,0.0640501493564263,0.0265330033681517,0,1,anchored,model_rows,baseline,-0.057,-0.031,-0.07,540600,8015,"35,40,65,70,85",Capitol Hill,0.0976033269772705,0.0950501493564263,0.0965330033681517,284152107.093291,5838,2911295300,0.922456992389282,panel mean AV / report mean AV,0.728384279475983,FALSE,Condo area,Condo Capitol Hill,area report,Model-sourced parcels (anchored run)
condo,condo,condo_area,700_01,5838,2911295300,0.0406033269772705,0.0640501493564263,0.0265330033681517,0,1,anchored,model_rows,optimistic,-0.057,-0.031,-0.07,540600,8015,"35,40,65,70,85",Capitol Hill,0.0976033269772705,0.0950501493564263,0.0965330033681517,284152107.093291,5838,2911295300,0.922456992389282,panel mean AV / report mean AV,0.728384279475983,FALSE,Condo area,Condo Capitol Hill,area report,Model-sourced parcels (anchored run)
condo,condo,condo_area,700_01,5838,2911295300,0.0406033269772705,0.0640501493564263,0.0265330033681517,0,1,anchored,model_rows,pessimistic,-0.057,-0.031,-0.07,540600,8015,"35,40,65,70,85",Capitol Hill,0.0976033269772705,0.0950501493564263,0.0965330033681517,284152107.093291,5838,2911295300,0.922456992389282,panel mean AV / report mean AV,0.728384279475983,FALSE,Condo area,Condo Capitol Hill,area report,Model-sourced parcels (anchored run)
condo,condo,condo_area,700_02,1581,1238246000,0.0374108311178594,0.064971447728531,0.0265330033681517,0,1,anchored,model_rows,baseline,-0.037,-0.443,0.051,706200,9090,"5,10,25,30",Downtown Seattle,0.0744108311178594,0.507971447728531,-0.0244669966318483,92138913.9883649,1581,1238246000,1.10904035836203,panel mean AV / report mean AV,0.173927392739274,TRUE,Condo area,Condo Downtown Seattle,area report,Model-sourced parcels (anchored run)
condo,condo,condo_area,700_02,1581,1238246000,0.0374108311178594,0.064971447728531,0.0265330033681517,0,1,anchored,model_rows,optimistic,-0.037,-0.443,0.051,706200,9090,"5,10,25,30",Downtown Seattle,0.0744108311178594,0.507971447728531,-0.0244669966318483,92138913.9883649,1581,1238246000,1.10904035836203,panel mean AV / report mean AV,0.173927392739274,TRUE,Condo area,Condo Downtown Seattle,area report,Model-sourced parcels (anchored run)
condo,condo,condo_area,700_02,1581,1238246000,0.0374108311178594,0.064971447728531,0.0265330033681517,0,1,anchored,model_rows,pessimistic,-0.037,-0.443,0.051,706200,9090,"5,10,25,30",Downtown Seattle,0.0744108311178594,0.507971447728531,-0.0244669966318483,92138913.9883649,1581,1238246000,1.10904035836203,panel mean AV / report mean AV,0.173927392739274,TRUE,Condo area,Condo Downtown Seattle,area report,Model-sourced parcels (anchored run)
condo,condo,condo_area,700_03,5211,2662785500,0.0441678997540693,0.0718437500597959,0.0265330033681517,0,1,anchored,model_rows,baseline,-0.028,-0.053,-0.013,554700,6787,"15,20,45,50,55,60,75,80",Queen Anne / Magnolia,0.0721678997540693,0.124843750059796,0.0395330033681517,192167637.030589,5211,2662785500,0.921206395327215,panel mean AV / report mean AV,0.767791365846471,FALSE,Condo area,Condo Queen Anne / Magnolia,area report,Model-sourced parcels (anchored run)
condo,condo,condo_area,700_03,5211,2662785500,0.0441678997540693,0.0718437500597959,0.0265330033681517,0,1,anchored,model_rows,optimistic,-0.028,-0.053,-0.013,554700,6787,"15,20,45,50,55,60,75,80",Queen Anne / Magnolia,0.0721678997540693,0.124843750059796,0.0395330033681517,192167637.030589,5211,2662785500,0.921206395327215,panel mean AV / report mean AV,0.767791365846471,FALSE,Condo area,Condo Queen Anne / Magnolia,area report,Model-sourced parcels (anchored run)
condo,condo,condo_area,700_03,5211,2662785500,0.0441678997540693,0.0718437500597959,0.0265330033681517,0,1,anchored,model_rows,pessimistic,-0.028,-0.053,-0.013,554700,6787,"15,20,45,50,55,60,75,80",Queen Anne / Magnolia,0.0721678997540693,0.124843750059796,0.0395330033681517,192167637.030589,5211,2662785500,0.921206395327215,panel mean AV / report mean AV,0.767791365846471,FALSE,Condo area,Condo Queen Anne / Magnolia,area report,Model-sourced parcels (anchored run)
condo,condo,condo_area,700_07,3433,1707410800,0.0393215647874516,0.0648173031727202,0.0265330033681517,0,1,anchored,model_rows,baseline,-0.065,0.001,-0.089,535600,6234,"160,165,170,175,185,190,195,200,205,210,215,220,225,230,235,475",South Seattle,0.104321564787452,0.0638173031727202,0.115533003368152,178119766.390995,3433,1707410800,0.928589251579418,panel mean AV / report mean AV,0.550689765800449,FALSE,Condo area,Condo South Seattle,area report,Model-sourced parcels (anchored run)
condo,condo,condo_area,700_07,3433,1707410800,0.0393215647874516,0.0648173031727202,0.0265330033681517,0,1,anchored,model_rows,optimistic,-0.065,0.001,-0.089,535600,6234,"160,165,170,175,185,190,195,200,205,210,215,220,225,230,235,475",South Seattle,0.104321564787452,0.0638173031727202,0.115533003368152,178119766.390995,3433,1707410800,0.928589251579418,panel mean AV / report mean AV,0.550689765800449,FALSE,Condo area,Condo South Seattle,area report,Model-sourced parcels (anchored run)
condo,condo,condo_area,700_07,3433,1707410800,0.0393215647874516,0.0648173031727202,0.0265330033681517,0,1,anchored,model_rows,pessimistic,-0.065,0.001,-0.089,535600,6234,"160,165,170,175,185,190,195,200,205,210,215,220,225,230,235,475",South Seattle,0.104321564787452,0.0638173031727202,0.115533003368152,178119766.390995,3433,1707410800,0.928589251579418,panel mean AV / report mean AV,0.550689765800449,FALSE,Condo area,Condo South Seattle,area report,Model-sourced parcels (anchored run)
condo,condo,condo_area,700_08,6543,2663660501,0.0414079822029412,0.062487890376961,0.0265330033681517,0,1,anchored,model_rows,baseline,-0.024,0.036,-0.052,500400,13811,"90,95,100,105,110,115,120,125,130,135,140,145,150,155,405,410,415,420",Northwest King County,0.0654079822029412,0.026487890376961,0.0785330033681517,174224658.644085,6543,2663660501,0.813550749191263,panel mean AV / report mean AV,0.473752805734559,TRUE,Condo area,Condo Northwest King County,area report,Model-sourced parcels (anchored run)
condo,condo,condo_area,700_08,6543,2663660501,0.0414079822029412,0.062487890376961,0.0265330033681517,0,1,anchored,model_rows,optimistic,-0.024,0.036,-0.052,500400,13811,"90,95,100,105,110,115,120,125,130,135,140,145,150,155,405,410,415,420",Northwest King County,0.0654079822029412,0.026487890376961,0.0785330033681517,174224658.644085,6543,2663660501,0.813550749191263,panel mean AV / report mean AV,0.473752805734559,TRUE,Condo area,Condo Northwest King County,area report,Model-sourced parcels (anchored run)
condo,condo,condo_area,700_08,6543,2663660501,0.0414079822029412,0.062487890376961,0.0265330033681517,0,1,anchored,model_rows,pessimistic,-0.024,0.036,-0.052,500400,13811,"90,95,100,105,110,115,120,125,130,135,140,145,150,155,405,410,415,420",Northwest King County,0.0654079822029412,0.026487890376961,0.0785330033681517,174224658.644085,6543,2663660501,0.813550749191263,panel mean AV / report mean AV,0.473752805734559,TRUE,Condo area,Condo Northwest King County,area report,Model-sourced parcels (anchored run)
res,geo,area,1,4,6993494.31817796,-0.0469999999999989,-0.0469999999999987,-0.0469999999999997,1,0,anchored,anchor_qa,baseline,-0.047,,,1145200,,,,0.00000000000000106858966120171,,,0.00000000747317572407789,4,6993494.31817796,1.52669715293791,panel mean AV / report mean AV,,TRUE,Residential area,Res 1,area report,Anchored parcels (QA)
res,geo,area,1,4,6993494.31817796,-0.0469999999999989,-0.0469999999999987,-0.0469999999999997,1,0,anchored,anchor_qa,optimistic,-0.047,,,1145200,,,,0.00000000000000106858966120171,,,0.00000000747317572407789,4,6993494.31817796,1.52669715293791,panel mean AV / report mean AV,,TRUE,Residential area,Res 1,area report,Anchored parcels (QA)
res,geo,area,1,4,6993494.31817796,-0.0469999999999989,-0.0469999999999987,-0.0469999999999997,1,0,anchored,anchor_qa,pessimistic,-0.047,,,1145200,,,,0.00000000000000106858966120171,,,0.00000000747317572407789,4,6993494.31817796,1.52669715293791,panel mean AV / report mean AV,,TRUE,Residential area,Res 1,area report,Anchored parcels (QA)
res,geo,area,11,7075,9519198532.42341,0.00499999999999967,0.00499999999999945,0.00499999999999945,1,0,anchored,anchor_qa,baseline,0.005,,,1402900,,,,-0.000000000000000328730098697605,,,-0.00000312924707308565,7075,9519198532.42341,0.959063195689637,panel mean AV / report mean AV,,FALSE,Residential area,Res 11,area report,Anchored parcels (QA)
res,geo,area,11,7075,9519198532.42341,0.00499999999999967,0.00499999999999945,0.00499999999999945,1,0,anchored,anchor_qa,optimistic,0.005,,,1402900,,,,-0.000000000000000328730098697605,,,-0.00000312924707308565,7075,9519198532.42341,0.959063195689637,panel mean AV / report mean AV,,FALSE,Residential area,Res 11,area report,Anchored parcels (QA)
res,geo,area,11,7075,9519198532.42341,0.00499999999999967,0.00499999999999945,0.00499999999999945,1,0,anchored,anchor_qa,pessimistic,0.005,,,1402900,,,,-0.000000000000000328730098697605,,,-0.00000312924707308565,7075,9519198532.42341,0.959063195689637,panel mean AV / report mean AV,,FALSE,Residential area,Res 11,area report,Anchored parcels (QA)
res,geo,area,12,7385,11213372624.7587,-0.00500000000000045,-0.00500000000000045,-0.00500000000000045,1,0,anchored,anchor_qa,baseline,-0.005,,,1416100,,,,-0.000000000000000448426018540005,,,-0.00000502836804052605,7385,11213372624.7587,1.07223957325258,panel mean AV / report mean AV,,FALSE,Residential area,Res 12,area report,Anchored parcels (QA)
res,geo,area,12,7385,11213372624.7587,-0.00500000000000045,-0.00500000000000045,-0.00500000000000045,1,0,anchored,anchor_qa,optimistic,-0.005,,,1416100,,,,-0.000000000000000448426018540005,,,-0.00000502836804052605,7385,11213372624.7587,1.07223957325258,panel mean AV / report mean AV,,FALSE,Residential area,Res 12,area report,Anchored parcels (QA)
res,geo,area,12,7385,11213372624.7587,-0.00500000000000045,-0.00500000000000045,-0.00500000000000045,1,0,anchored,anchor_qa,pessimistic,-0.005,,,1416100,,,,-0.000000000000000448426018540005,,,-0.00000502836804052605,7385,11213372624.7587,1.07223957325258,panel mean AV / report mean AV,,FALSE,Residential area,Res 12,area report,Anchored parcels (QA)
res,geo,area,13,6785,9333980636.05904,-0.00500000000000045,-0.00500000000000056,-0.00500000000000067,1,0,anchored,anchor_qa,baseline,-0.005,,,1407200,,,,-0.000000000000000448426018540005,,,-0.00000418559977375745,6785,9333980636.05904,0.977600054552483,panel mean AV / report mean AV,,FALSE,Residential area,Res 13,area report,Anchored parcels (QA)
res,geo,area,13,6785,9333980636.05904,-0.00500000000000045,-0.00500000000000056,-0.00500000000000067,1,0,anchored,anchor_qa,optimistic,-0.005,,,1407200,,,,-0.000000000000000448426018540005,,,-0.00000418559977375745,6785,9333980636.05904,0.977600054552483,panel mean AV / report mean AV,,FALSE,Residential area,Res 13,area report,Anchored parcels (QA)
res,geo,area,13,6785,9333980636.05904,-0.00500000000000045,-0.00500000000000056,-0.00500000000000067,1,0,anchored,anchor_qa,pessimistic,-0.005,,,1407200,,,,-0.000000000000000448426018540005,,,-0.00000418559977375745,6785,9333980636.05904,0.977600054552483,panel mean AV / report mean AV,,FALSE,Residential area,Res 13,area report,Anchored parcels (QA)
res,geo,area,14,5813,13739106089.1768,-0.00600000000000034,-0.00600000000000034,-0.00600000000000045,1,0,anchored,anchor_qa,baseline,-0.006,,,2230700,,,,-0.000000000000000338271077815477,,,-0.00000464754222500702,5813,13739106089.1768,1.05953909697048,panel mean AV / report mean AV,,FALSE,Residential area,Res 14,area report,Anchored parcels (QA)
res,geo,area,14,5813,13739106089.1768,-0.00600000000000034,-0.00600000000000034,-0.00600000000000045,1,0,anchored,anchor_qa,optimistic,-0.006,,,2230700,,,,-0.000000000000000338271077815477,,,-0.00000464754222500702,5813,13739106089.1768,1.05953909697048,panel mean AV / report mean AV,,FALSE,Residential area,Res 14,area report,Anchored parcels (QA)
res,geo,area,14,5813,13739106089.1768,-0.00600000000000034,-0.00600000000000034,-0.00600000000000045,1,0,anchored,anchor_qa,pessimistic,-0.006,,,2230700,,,,-0.000000000000000338271077815477,,,-0.00000464754222500702,5813,13739106089.1768,1.05953909697048,panel mean AV / report mean AV,,FALSE,Residential area,Res 14,area report,Anchored parcels (QA)
res,geo,area,16,6881,7707145393.21982,-0.0149999999999998,-0.0149999999999997,-0.0149999999999997,1,0,anchored,anchor_qa,baseline,-0.015,,,1196100,,,,0.000000000000000208166817117217,,,0.00000160437192556619,6881,7707145393.21982,0.936428242976494,panel mean AV / report mean AV,,FALSE,Residential area,Res 16,area report,Anchored parcels (QA)
res,geo,area,16,6881,7707145393.21982,-0.0149999999999998,-0.0149999999999997,-0.0149999999999997,1,0,anchored,anchor_qa,optimistic,-0.015,,,1196100,,,,0.000000000000000208166817117217,,,0.00000160437192556619,6881,7707145393.21982,0.936428242976494,panel mean AV / report mean AV,,FALSE,Residential area,Res 16,area report,Anchored parcels (QA)
res,geo,area,16,6881,7707145393.21982,-0.0149999999999998,-0.0149999999999997,-0.0149999999999997,1,0,anchored,anchor_qa,pessimistic,-0.015,,,1196100,,,,0.000000000000000208166817117217,,,0.00000160437192556619,6881,7707145393.21982,0.936428242976494,panel mean AV / report mean AV,,FALSE,Residential area,Res 16,area report,Anchored parcels (QA)
res,geo,area,17,8627,15964370460.4224,-0.00300000000000022,-0.00300000000000022,-0.00300000000000045,1,0,anchored,anchor_qa,baseline,-0.003,,,985400,,,,-0.000000000000000224646690138997,,,-0.00000358634298408666,8627,15964370460.4224,1.87793017894603,panel mean AV / report mean AV,,TRUE,Residential area,Res 17,area report,Anchored parcels (QA)
res,geo,area,17,8627,15964370460.4224,-0.00300000000000022,-0.00300000000000022,-0.00300000000000045,1,0,anchored,anchor_qa,optimistic,-0.003,,,985400,,,,-0.000000000000000224646690138997,,,-0.00000358634298408666,8627,15964370460.4224,1.87793017894603,panel mean AV / report mean AV,,TRUE,Residential area,Res 17,area report,Anchored parcels (QA)
res,geo,area,17,8627,15964370460.4224,-0.00300000000000022,-0.00300000000000022,-0.00300000000000045,1,0,anchored,anchor_qa,pessimistic,-0.003,,,985400,,,,-0.000000000000000224646690138997,,,-0.00000358634298408666,8627,15964370460.4224,1.87793017894603,panel mean AV / report mean AV,,TRUE,Residential area,Res 17,area report,Anchored parcels (QA)
res,geo,area,18,6141,3771699880.39872,0.00199999999999911,0.00199999999999911,0.00199999999999911,1,0,anchored,anchor_qa,baseline,0.002,,,654800,,,,-0.000000000000000886443696224148,,,-0.00000334339958302882,6141,3771699880.39872,0.937970889253908,panel mean AV / report mean AV,,FALSE,Residential area,Res 18,area report,Anchored parcels (QA)
res,geo,area,18,6141,3771699880.39872,0.00199999999999911,0.00199999999999911,0.00199999999999911,1,0,anchored,anchor_qa,optimistic,0.002,,,654800,,,,-0.000000000000000886443696224148,,,-0.00000334339958302882,6141,3771699880.39872,0.937970889253908,panel mean AV / report mean AV,,FALSE,Residential area,Res 18,area report,Anchored parcels (QA)
res,geo,area,18,6141,3771699880.39872,0.00199999999999911,0.00199999999999911,0.00199999999999911,1,0,anchored,anchor_qa,pessimistic,0.002,,,654800,,,,-0.000000000000000886443696224148,,,-0.00000334339958302882,6141,3771699880.39872,0.937970889253908,panel mean AV / report mean AV,,FALSE,Residential area,Res 18,area report,Anchored parcels (QA)
res,geo,area,19,9071,13326809583.1462,0.0341547909053974,0.0387140268683757,0.0275265838633989,0,1,anchored,model_rows,baseline,-0.014,,,974200,,,,0.0481547909053974,,,641749728.912449,9071,13326809583.1462,1.5080748602384,panel mean AV / report mean AV,,TRUE,Residential area,Res 19,area report,Model-sourced parcels (anchored run)
res,geo,area,19,9071,13326809583.1462,0.0341547909053974,0.0387140268683757,0.0275265838633989,0,1,anchored,model_rows,optimistic,-0.014,,,974200,,,,0.0481547909053974,,,641749728.912449,9071,13326809583.1462,1.5080748602384,panel mean AV / report mean AV,,TRUE,Residential area,Res 19,area report,Model-sourced parcels (anchored run)
res,geo,area,19,9071,13326809583.1462,0.0271850592371263,0.0425799452211859,0.00480400843850748,0,1,anchored,model_rows,pessimistic,-0.014,,,974200,,,,0.0411850592371263,,,548865442.123777,9071,13326809583.1462,1.5080748602384,panel mean AV / report mean AV,,TRUE,Residential area,Res 19,area report,Model-sourced parcels (anchored run)
res,geo,area,22,3850,2396312501.23038,-0.003,-0.00299999999999989,-0.00299999999999978,1,0,anchored,anchor_qa,baseline,-0.003,,,649700,,,,-0.00000000000000000260208521396521,,,-0.00000000623540932749156,3850,2396312501.23038,0.958009591332015,panel mean AV / report mean AV,,FALSE,Residential area,Res 22,area report,Anchored parcels (QA)
res,geo,area,22,3850,2396312501.23038,-0.003,-0.00299999999999989,-0.00299999999999978,1,0,anchored,anchor_qa,optimistic,-0.003,,,649700,,,,-0.00000000000000000260208521396521,,,-0.00000000623540932749156,3850,2396312501.23038,0.958009591332015,panel mean AV / report mean AV,,FALSE,Residential area,Res 22,area report,Anchored parcels (QA)
res,geo,area,22,3850,2396312501.23038,-0.003,-0.00299999999999989,-0.00299999999999978,1,0,anchored,anchor_qa,pessimistic,-0.003,,,649700,,,,-0.00000000000000000260208521396521,,,-0.00000000623540932749156,3850,2396312501.23038,0.958009591332015,panel mean AV / report mean AV,,FALSE,Residential area,Res 22,area report,Anchored parcels (QA)
res,geo,area,23,7,3281015.89782191,-0.0180000000000008,-0.0180000000000007,-0.0180000000000009,1,0,anchored,anchor_qa,baseline,-0.018,,,585300,,,,-0.000000000000000794503351997378,,,-0.00000000260677812877619,7,3281015.89782191,0.800814209519395,panel mean AV / report mean AV,,FALSE,Residential area,Res 23,area report,Anchored parcels (QA)
res,geo,area,23,7,3281015.89782191,-0.0180000000000008,-0.0180000000000007,-0.0180000000000009,1,0,anchored,anchor_qa,optimistic,-0.018,,,585300,,,,-0.000000000000000794503351997378,,,-0.00000000260677812877619,7,3281015.89782191,0.800814209519395,panel mean AV / report mean AV,,FALSE,Residential area,Res 23,area report,Anchored parcels (QA)
res,geo,area,23,7,3281015.89782191,-0.0180000000000008,-0.0180000000000007,-0.0180000000000009,1,0,anchored,anchor_qa,pessimistic,-0.018,,,585300,,,,-0.000000000000000794503351997378,,,-0.00000000260677812877619,7,3281015.89782191,0.800814209519395,panel mean AV / report mean AV,,FALSE,Residential area,Res 23,area report,Anchored parcels (QA)
res,geo,area,25,2935,12493716614.1787,-0.0269999999999999,-0.0269999999999999,-0.0269999999999999,1,0,anchored,anchor_qa,baseline,-0.027,,,649100,,,,0.0000000000000000867361737988404,,,0.00000108365717564086,2935,12493716614.1787,6.55800791092932,panel mean AV / report mean AV,,TRUE,Residential area,Res 25,area report,Anchored parcels (QA)
res,geo,area,25,2935,12493716614.1787,-0.0269999999999999,-0.0269999999999999,-0.0269999999999999,1,0,anchored,anchor_qa,optimistic,-0.027,,,649100,,,,0.0000000000000000867361737988404,,,0.00000108365717564086,2935,12493716614.1787,6.55800791092932,panel mean AV / report mean AV,,TRUE,Residential area,Res 25,area report,Anchored parcels (QA)
res,geo,area,25,2935,12493716614.1787,-0.0269999999999999,-0.0269999999999999,-0.0269999999999999,1,0,anchored,anchor_qa,pessimistic,-0.027,,,649100,,,,0.0000000000000000867361737988404,,,0.00000108365717564086,2935,12493716614.1787,6.55800791092932,panel mean AV / report mean AV,,TRUE,Residential area,Res 25,area report,Anchored parcels (QA)
res,geo,area,30,1419,32248997986.9938,-0.0260000000000012,-0.026000000000001,-0.0260000000000014,1,0,anchored,anchor_qa,baseline,-0.026,,,692700,,,,-0.00000000000000124553145575135,,,-0.0000401671414092627,1419,32248997986.9938,32.8086712675455,panel mean AV / report mean AV,,TRUE,Residential area,Res 30,area report,Anchored parcels (QA)
res,geo,area,30,1419,32248997986.9938,-0.0260000000000012,-0.026000000000001,-0.0260000000000014,1,0,anchored,anchor_qa,optimistic,-0.026,,,692700,,,,-0.00000000000000124553145575135,,,-0.0000401671414092627,1419,32248997986.9938,32.8086712675455,panel mean AV / report mean AV,,TRUE,Residential area,Res 30,area report,Anchored parcels (QA)
res,geo,area,30,1419,32248997986.9938,-0.0260000000000012,-0.026000000000001,-0.0260000000000014,1,0,anchored,anchor_qa,pessimistic,-0.026,,,692700,,,,-0.00000000000000124553145575135,,,-0.0000401671414092627,1419,32248997986.9938,32.8086712675455,panel mean AV / report mean AV,,TRUE,Residential area,Res 30,area report,Anchored parcels (QA)
res,geo,area,42,5759,5947813632.76981,-0.00618574445663522,0.00501674015942522,-0.0197213401404432,0,1,anchored,model_rows,baseline,-0.019,,,1056500,,,,0.0128142555433648,,,76216803.8146211,5759,5947813632.76981,0.977554033661719,panel mean AV / report mean AV,,FALSE,Residential area,Res 42,area report,Model-sourced parcels (anchored run)
res,geo,area,42,5759,5947813632.76981,-0.00618574445663522,0.00501674015942522,-0.0197213401404432,0,1,anchored,model_rows,optimistic,-0.019,,,1056500,,,,0.0128142555433648,,,76216803.8146211,5759,5947813632.76981,0.977554033661719,panel mean AV / report mean AV,,FALSE,Residential area,Res 42,area report,Model-sourced parcels (anchored run)
res,geo,area,42,5759,5947813632.76981,0.00243666787730623,0.0199088206111102,-0.0186743626874187,0,1,anchored,model_rows,pessimistic,-0.019,,,1056500,,,,0.0214366678773062,,,127501305.441801,5759,5947813632.76981,0.977554033661719,panel mean AV / report mean AV,,FALSE,Residential area,Res 42,area report,Model-sourced parcels (anchored run)
res,geo,area,43,8080,8986688873.83845,0.0314256522175804,0.03411301625343,0.027515555596235,0,1,anchored,model_rows,baseline,-0.004,,,1138300,,,,0.0354256522175804,,,318359314.632201,8080,8986688873.83845,0.977083343173559,panel mean AV / report mean AV,,FALSE,Residential area,Res 43,area report,Model-sourced parcels (anchored run)
res,geo,area,43,8080,8986688873.83845,0.0314256522175804,0.03411301625343,0.027515555596235,0,1,anchored,model_rows,optimistic,-0.004,,,1138300,,,,0.0354256522175804,,,318359314.632201,8080,8986688873.83845,0.977083343173559,panel mean AV / report mean AV,,FALSE,Residential area,Res 43,area report,Model-sourced parcels (anchored run)
res,geo,area,43,8080,8986688873.83845,0.0249364520980635,0.0387702781941917,0.00480832804893372,0,1,anchored,model_rows,pessimistic,-0.004,,,1138300,,,,0.0289364520980635,,,260042892.118027,8080,8986688873.83845,0.977083343173559,panel mean AV / report mean AV,,FALSE,Residential area,Res 43,area report,Model-sourced parcels (anchored run)
res,geo,area,44,4753,5428439103.97284,0.0401383121160428,0.0386588768616847,0.0420877467981711,0,1,anchored,model_rows,baseline,-0.026,,,1167200,,,,0.0661383121160428,,,359027799.761488,4753,5428439103.97284,0.978502359242401,panel mean AV / report mean AV,,FALSE,Residential area,Res 44,area report,Model-sourced parcels (anchored run)
res,geo,area,44,4753,5428439103.97284,0.0401383121160428,0.0386588768616847,0.0420877467981711,0,1,anchored,model_rows,optimistic,-0.026,,,1167200,,,,0.0661383121160428,,,359027799.761488,4753,5428439103.97284,0.978502359242401,panel mean AV / report mean AV,,FALSE,Residential area,Res 44,area report,Model-sourced parcels (anchored run)
res,geo,area,44,4753,5428439103.97284,0.0326453938936038,0.0431271286843742,0.0188337334848048,0,1,anchored,model_rows,pessimistic,-0.026,,,1167200,,,,0.0586453938936038,,,318352949.479929,4753,5428439103.97284,0.978502359242401,panel mean AV / report mean AV,,FALSE,Residential area,Res 44,area report,Model-sourced parcels (anchored run)
res,geo,area,46,4641,9389925502.89698,0.0334427756632241,0.0372100258858867,0.0274345139410244,0,1,anchored,model_rows,baseline,0.02,,,2050300,,,,0.0134427756632241,,,126226662.029831,4641,9389925502.89698,0.986809147368481,panel mean AV / report mean AV,,FALSE,Residential area,Res 46,area report,Model-sourced parcels (anchored run)
res,geo,area,46,4641,9389925502.89698,0.0334427756632241,0.0372100258858867,0.0274345139410244,0,1,anchored,model_rows,optimistic,0.02,,,2050300,,,,0.0134427756632241,,,126226662.029831,4641,9389925502.89698,0.986809147368481,panel mean AV / report mean AV,,FALSE,Residential area,Res 46,area report,Model-sourced parcels (anchored run)
res,geo,area,46,4641,9389925502.89698,0.0276893899317052,0.0420529716356717,0.0047813925742497,0,1,anchored,model_rows,pessimistic,0.02,,,2050300,,,,0.00768938993170522,,,72202798.6214382,4641,9389925502.89698,0.986809147368481,panel mean AV / report mean AV,,FALSE,Residential area,Res 46,area report,Model-sourced parcels (anchored run)
res,geo,area,48,6025,5421389335.11706,-0.00700000000000034,-0.00700000000000045,-0.00700000000000034,1,0,anchored,anchor_qa,baseline,-0.007,,,928500,,,,-0.000000000000000339138439553466,,,-0.0000018386015193234,6025,5421389335.11706,0.969106792978825,panel mean AV / report mean AV,,FALSE,Residential area,Res 48,area report,Anchored parcels (QA)
res,geo,area,48,6025,5421389335.11706,-0.00700000000000034,-0.00700000000000045,-0.00700000000000034,1,0,anchored,anchor_qa,optimistic,-0.007,,,928500,,,,-0.000000000000000339138439553466,,,-0.0000018386015193234,6025,5421389335.11706,0.969106792978825,panel mean AV / report mean AV,,FALSE,Residential area,Res 48,area report,Anchored parcels (QA)
res,geo,area,48,6025,5421389335.11706,-0.00700000000000034,-0.00700000000000045,-0.00700000000000034,1,0,anchored,anchor_qa,pessimistic,-0.007,,,928500,,,,-0.000000000000000339138439553466,,,-0.0000018386015193234,6025,5421389335.11706,0.969106792978825,panel mean AV / report mean AV,,FALSE,Residential area,Res 48,area report,Anchored parcels (QA)
res,geo,area,6,9489,7245103502.38002,0.0319640221348616,0.0358641201931555,0.0274259936912982,0,1,anchored,model_rows,baseline,-0.026,,,784800,,,,0.0579640221348616,,,419955339.781319,9489,7245103502.38002,0.972893166815616,panel mean AV / report mean AV,,FALSE,Residential area,Res 6,area report,Model-sourced parcels (anchored run)
res,geo,area,6,9489,7245103502.38002,0.0319640221348616,0.0358641201931555,0.0274259936912982,0,1,anchored,model_rows,optimistic,-0.026,,,784800,,,,0.0579640221348616,,,419955339.781319,9489,7245103502.38002,0.972893166815616,panel mean AV / report mean AV,,FALSE,Residential area,Res 6,area report,Model-sourced parcels (anchored run)
res,geo,area,6,9489,7245103502.38002,0.0199820261302834,0.03305477197679,0.00477100025344335,0,1,anchored,model_rows,pessimistic,-0.026,,,784800,,,,0.0459820261302834,,,333144538.563046,9489,7245103502.38002,0.972893166815616,panel mean AV / report mean AV,,FALSE,Residential area,Res 6,area report,Model-sourced parcels (anchored run)
res,geo,area,7,8661,7167437340.07237,0.034768654222292,0.0395345524859019,0.0274253984726747,0,1,anchored,model_rows,baseline,-0.021,,,856900,,,,0.055768654222292,,,399718334.678441,8661,7167437340.07237,0.965752238516354,panel mean AV / report mean AV,,FALSE,Residential area,Res 7,area report,Model-sourced parcels (anchored run)
res,geo,area,7,8661,7167437340.07237,0.034768654222292,0.0395345524859019,0.0274253984726747,0,1,anchored,model_rows,optimistic,-0.021,,,856900,,,,0.055768654222292,,,399718334.678441,8661,7167437340.07237,0.965752238516354,panel mean AV / report mean AV,,FALSE,Residential area,Res 7,area report,Model-sourced parcels (anchored run)
res,geo,area,7,8661,7167437340.07237,0.025114554429678,0.0383212952005403,0.00476571991093944,0,1,anchored,model_rows,pessimistic,-0.021,,,856900,,,,0.046114554429678,,,330523179.340074,8661,7167437340.07237,0.965752238516354,panel mean AV / report mean AV,,FALSE,Residential area,Res 7,area report,Model-sourced parcels (anchored run)
res,geo,area,77,6521,3933235817.32335,0.00300000000000056,0.00300000000000056,0.00300000000000056,1,0,anchored,anchor_qa,baseline,0.003,,,632400,,,,0.000000000000000557713597526544,,,0.00000219361909759966,6521,3933235817.32335,0.953770583968282,panel mean AV / report mean AV,,FALSE,Residential area,Res 77,area report,Anchored parcels (QA)
res,geo,area,77,6521,3933235817.32335,0.00300000000000056,0.00300000000000056,0.00300000000000056,1,0,anchored,anchor_qa,optimistic,0.003,,,632400,,,,0.000000000000000557713597526544,,,0.00000219361909759966,6521,3933235817.32335,0.953770583968282,panel mean AV / report mean AV,,FALSE,Residential area,Res 77,area report,Anchored parcels (QA)
res,geo,area,77,6521,3933235817.32335,0.00300000000000056,0.00300000000000056,0.00300000000000056,1,0,anchored,anchor_qa,pessimistic,0.003,,,632400,,,,0.000000000000000557713597526544,,,0.00000219361909759966,6521,3933235817.32335,0.953770583968282,panel mean AV / report mean AV,,FALSE,Residential area,Res 77,area report,Anchored parcels (QA)
res,geo,area,79,8803,6361611381.16997,-0.0160000000000008,-0.0160000000000008,-0.0160000000000009,1,0,anchored,anchor_qa,baseline,-0.016,,,761300,,,,-0.000000000000000791033905045424,,,-0.0000050322502932283,8803,6361611381.16997,0.949249995388496,panel mean AV / report mean AV,,FALSE,Residential area,Res 79,area report,Anchored parcels (QA)
res,geo,area,79,8803,6361611381.16997,-0.0160000000000008,-0.0160000000000008,-0.0160000000000009,1,0,anchored,anchor_qa,optimistic,-0.016,,,761300,,,,-0.000000000000000791033905045424,,,-0.0000050322502932283,8803,6361611381.16997,0.949249995388496,panel mean AV / report mean AV,,FALSE,Residential area,Res 79,area report,Anchored parcels (QA)
res,geo,area,79,8803,6361611381.16997,-0.0160000000000008,-0.0160000000000008,-0.0160000000000009,1,0,anchored,anchor_qa,pessimistic,-0.016,,,761300,,,,-0.000000000000000791033905045424,,,-0.0000050322502932283,8803,6361611381.16997,0.949249995388496,panel mean AV / report mean AV,,FALSE,Residential area,Res 79,area report,Anchored parcels (QA)
res,geo,area,8,5218,5322743548.21084,0.0347066291019511,0.0408151562108414,0.027369109834172,0,1,anchored,model_rows,baseline,-0.006,,,1141700,,,,0.0407066291019511,,,216670947.421822,5218,5322743548.21084,0.893468954043544,panel mean AV / report mean AV,,FALSE,Residential area,Res 8,area report,Model-sourced parcels (anchored run)
res,geo,area,8,5218,5322743548.21084,0.0347066291019511,0.0408151562108414,0.027369109834172,0,1,anchored,model_rows,optimistic,-0.006,,,1141700,,,,0.0407066291019511,,,216670947.421822,5218,5322743548.21084,0.893468954043544,panel mean AV / report mean AV,,FALSE,Residential area,Res 8,area report,Model-sourced parcels (anchored run)
res,geo,area,8,5218,5322743548.21084,0.0242023888404745,0.0404099672265521,0.00473396108825774,0,1,anchored,model_rows,pessimistic,-0.006,,,1141700,,,,0.0302023888404745,,,160759570.341191,5218,5322743548.21084,0.893468954043544,panel mean AV / report mean AV,,FALSE,Residential area,Res 8,area report,Model-sourced parcels (anchored run)
res,geo,area,81,5136,5262523044.06094,-0.0180000000000007,-0.0180000000000006,-0.0180000000000009,1,0,anchored,anchor_qa,baseline,-0.018,,,1077000,,,,-0.000000000000000683481049534862,,,-0.00000359683477335617,5136,5262523044.06094,0.951378411399522,panel mean AV / report mean AV,,FALSE,Residential area,Res 81,area report,Anchored parcels (QA)
res,geo,area,81,5136,5262523044.06094,-0.0180000000000007,-0.0180000000000006,-0.0180000000000009,1,0,anchored,anchor_qa,optimistic,-0.018,,,1077000,,,,-0.000000000000000683481049534862,,,-0.00000359683477335617,5136,5262523044.06094,0.951378411399522,panel mean AV / report mean AV,,FALSE,Residential area,Res 81,area report,Anchored parcels (QA)
res,geo,area,81,5136,5262523044.06094,-0.0180000000000007,-0.0180000000000006,-0.0180000000000009,1,0,anchored,anchor_qa,pessimistic,-0.018,,,1077000,,,,-0.000000000000000683481049534862,,,-0.00000359683477335617,5136,5262523044.06094,0.951378411399522,panel mean AV / report mean AV,,FALSE,Residential area,Res 81,area report,Anchored parcels (QA)
res,geo,area,82,7043,6609531721.30988,0.0337061131336567,0.0379476129221612,0.0275065329308033,0,1,anchored,model_rows,baseline,-0.007,,,957000,,,,0.0407061131336567,,,269048346.008133,7043,6609531721.30988,0.980620719225709,panel mean AV / report mean AV,,FALSE,Residential area,Res 82,area report,Model-sourced parcels (anchored run)
res,geo,area,82,7043,6609531721.30988,0.0337061131336567,0.0379476129221612,0.0275065329308033,0,1,anchored,model_rows,optimistic,-0.007,,,957000,,,,0.0407061131336567,,,269048346.008133,7043,6609531721.30988,0.980620719225709,panel mean AV / report mean AV,,FALSE,Residential area,Res 82,area report,Model-sourced parcels (anchored run)
res,geo,area,82,7043,6609531721.30988,0.0319013170818343,0.0504532038681835,0.00478498658997784,0,1,anchored,model_rows,pessimistic,-0.007,,,957000,,,,0.0389013170818343,,,257119489.253118,7043,6609531721.30988,0.980620719225709,panel mean AV / report mean AV,,FALSE,Residential area,Res 82,area report,Model-sourced parcels (anchored run)
