subgroup,feature,gain_pct,parcel_lvl,mono,hist_min,hist_max,fc_min,fc_max,n_splits,thr_min,thr_max,sig_monotone,sig_out_of_range,sig_no_splits,n_sig
apt,econ_employment_thous_yoy_lag1,13.2800212804498,FALSE,0.516129032258065,-5.77819154466319,4.450672535107,-0.321892254187872,1.06141238649464,290,-5.42657749196946,3.84616578475878,FALSE,FALSE,FALSE,0
apt,econ_services_providing_yoy_lag1,2.27422748856566,FALSE,0.516129032258065,-5.60438210528668,4.81487889273358,-0.460828141380443,1.20600974509146,137,-4.52849298756695,4.23431230328256,FALSE,FALSE,FALSE,0
apt,econ_population_thous_yoy_lag1,2.7091317907663,FALSE,0.612903225806452,0.658042751227694,2.26134908906881,0.474282770465395,0.759426836841937,273,0.752660312126397,2.20047786334471,FALSE,FALSE,FALSE,0
apt,econ_wholesale_and_retail_trade_yoy_lag1,2.44481729897524,FALSE,0.516129032258065,-6.65337270391532,4.55900120821586,-1.31407924650861,0.317177646280786,194,-6.35710402750245,3.75869877401215,FALSE,FALSE,FALSE,0
apt,econ_housing_permits_thous_yoy_lag1,1.01483719328739,FALSE,0.516129032258065,-58.0088944370758,66.2180814354727,0.126853485551282,25.0307357831017,210,-48.6855750985587,57.5794977968891,FALSE,FALSE,FALSE,0
apt,econ_seattle_msa_s_p_corelogic_case_shilller_home_price_index_yoy_lag1,0.37562483053539,FALSE,0.516129032258065,-14.338894155444,21.8010251347206,-1.91622950725402,3.48177289743727,152,-6.95522650436449,15.879813315436,FALSE,FALSE,FALSE,0
apt,econ_employment_thous_lvl_lag1,0.938759792266885,FALSE,0.741935483870968,1341.18333333333,1781.46666666667,1772.22691666667,1830.29825,174,1346.0875,1779.70833333333,FALSE,FALSE,FALSE,0
apt,econ_services_providing_lvl_lag1,0.287769390593717,FALSE,0.806451612903226,1100.925,1534.15833333333,1527.0885,1581.8295,82,1113.44583333333,1533.825,FALSE,FALSE,FALSE,0
apt,econ_population_thous_lvl_lag1,0.159473642979748,FALSE,1,2317.76442596637,3293.99567456135,3309.61852850567,3393.49315198473,53,2400.81714928543,3241.30691699539,TRUE,TRUE,TRUE,3
apt,econ_seattle_msa_s_p_corelogic_case_shilller_home_price_index_lvl_lag1,1.31801027669802,FALSE,0.774193548387097,96.5298895762196,393.651288142245,382.081125,418.01175,81,112.1874983777,374.014746883575,FALSE,FALSE,TRUE,1
apt,n_comm_bldgs,0.0289679841625308,TRUE,,1.17095280323185,1.17095280323185,1.17095280323185,1.17095280323185,17,1.5,2.5,FALSE,FALSE,TRUE,1
apt,total_gross_sqft,1.36411619056044,TRUE,,43358.8746674549,43358.8746674549,43358.8746674549,43358.8746674549,520,1480,528245,FALSE,FALSE,FALSE,0
apt,total_net_sqft,1.94292286992463,TRUE,,32270.1848457976,32270.1848457976,32270.1848457976,32270.1848457976,620,1.00000001800251e-35,331557,FALSE,FALSE,FALSE,0
apt,max_nbr_stories,0.350566917009071,TRUE,,3.17706177948566,3.17706177948566,3.17706177948566,3.17706177948566,156,1.5,43,FALSE,FALSE,FALSE,0
apt,avg_bldg_quality,0.311514415986009,TRUE,,4.30278748204873,4.30278748204873,4.30278748204873,4.30278748204873,166,2.58333333333333,7.5,FALSE,FALSE,FALSE,0
apt,max_bldg_quality,0.0772248671351877,TRUE,,4.31638585082274,4.31638585082274,4.31638585082274,4.31638585082274,40,3.5,7.5,FALSE,FALSE,FALSE,0
apt,predominant_use,1.29903133430881,TRUE,,356.545965119716,356.545965119716,356.545965119716,356.545965119716,231,1.00000001800251e-35,921,FALSE,FALSE,FALSE,0
apt,constr_class,0.0560493550808274,TRUE,,3.86777022366736,3.86777022366736,3.86777022366736,3.86777022366736,36,1.00000001800251e-35,4.5,FALSE,FALSE,FALSE,0
apt,yr_built_first_comm,2.4535020328671,TRUE,,1970.61641541039,1970.61641541039,1970.61641541039,1970.61641541039,646,1900.5,2024.5,FALSE,FALSE,FALSE,0
apt,yr_built_last_comm,1.55989424437865,TRUE,,1971.79121095674,1971.79121095674,1971.79121095674,1971.79121095674,473,1900.5,2022.5,FALSE,FALSE,FALSE,0
apt,eff_yr_comm,1.51121811657064,TRUE,,1996.79071829737,1996.79071829737,1996.79071829737,1996.79071829737,557,1917,2024.5,FALSE,FALSE,FALSE,0
apt,avg_age_comm,1.51189960555868,TRUE,,54.7800429773387,54.7800429773387,54.7800429773387,54.7800429773387,325,1.5,123.75,FALSE,FALSE,FALSE,0
apt,min_eff_age_comm,0.337490020922711,TRUE,,29.2092817026308,29.2092817026308,29.2092817026308,29.2092817026308,131,4.5,109,FALSE,FALSE,FALSE,0
apt,has_sprinklers,0.0358226137932337,TRUE,,0.280126120800079,0.280126120800079,0.280126120800079,0.280126120800079,19,1.00000001800251e-35,1.00000001800251e-35,FALSE,FALSE,TRUE,1
apt,has_elevators,0.0375949375832798,TRUE,,0.219331953887082,0.219331953887082,0.219331953887082,0.219331953887082,15,1.00000001800251e-35,1.00000001800251e-35,FALSE,FALSE,TRUE,1
apt,pcnt_complete_comm,0.0196208081669763,TRUE,,99.4487610789709,99.4487610789709,99.4487610789709,99.4487610789709,17,1.00000001800251e-35,97.5,FALSE,FALSE,TRUE,1
apt,n_sections,0.715748821182402,TRUE,,1.79879791112425,1.79879791112425,1.79879791112425,1.79879791112425,130,1.5,8.5,FALSE,FALSE,FALSE,0
apt,n_distinct_uses,0.275137384761597,TRUE,,1.57798797911124,1.57798797911124,1.57798797911124,1.57798797911124,63,1.5,4.5,FALSE,FALSE,FALSE,0
apt,sect_gross_sqft,0.769884203350765,TRUE,,43261.535520741,43261.535520741,43261.535520741,43261.535520741,241,1480.5,335497.5,FALSE,FALSE,FALSE,0
apt,sect_net_sqft,1.41336075572557,TRUE,,32173.6193713666,32173.6193713666,32173.6193713666,32173.6193713666,379,1397,253114.5,FALSE,FALSE,FALSE,0
apt,office_sqft,0.322298625866919,TRUE,,20555.6844024042,20555.6844024042,20555.6844024042,20555.6844024042,168,1.00000001800251e-35,480165.5,FALSE,FALSE,FALSE,0
apt,retail_sqft,1.52707101457441,TRUE,,16982.9120110356,16982.9120110356,16982.9120110356,16982.9120110356,436,1.00000001800251e-35,166682.5,FALSE,FALSE,FALSE,0
apt,industrial_sqft,0.0244426042334637,TRUE,,518.801753867376,518.801753867376,518.801753867376,518.801753867376,24,1.00000001800251e-35,15402,FALSE,FALSE,FALSE,0
apt,institutional_sqft,0.0431239925841428,TRUE,,1261.04217164253,1261.04217164253,1261.04217164253,1261.04217164253,43,1.00000001800251e-35,145321.5,FALSE,FALSE,FALSE,0
apt,parking_sqft,0.245869469495987,TRUE,,3344.12454429008,3344.12454429008,3344.12454429008,3344.12454429008,136,1.00000001800251e-35,65496.5,FALSE,FALSE,FALSE,0
apt,avg_story_height,2.21916031240005,TRUE,,9.18799589313189,9.18799589313189,9.18799589313189,9.18799589313189,310,7.68260162053721,15.7342206637693,FALSE,FALSE,FALSE,0
apt,parking_garage_sqft,0,TRUE,,3.60065031037541,3.60065031037541,3.60065031037541,3.60065031037541,0,,,FALSE,FALSE,FALSE,0
apt,surface_parking_sqft,0,TRUE,,0.524189575327618,0.524189575327618,0.524189575327618,0.524189575327618,0,,,FALSE,FALSE,FALSE,0
apt,canopy_sqft,0.00589075440196328,TRUE,,5.24268400827668,5.24268400827668,5.24268400827668,5.24268400827668,7,556,2870,FALSE,FALSE,TRUE,1
apt,other_feature_sqft,0.00247133418769028,TRUE,,2.41117351463198,2.41117351463198,2.41117351463198,2.41117351463198,5,858,1052.5,FALSE,FALSE,TRUE,1
apt,total_feature_sqft,0.00518019985894303,TRUE,,11.7786974086117,11.7786974086117,11.7786974086117,11.7786974086117,5,1065.5,3149,FALSE,FALSE,TRUE,1
apt,total_parking_sqft,0.00456954211950747,TRUE,,9.3675238939797,9.3675238939797,9.3675238939797,9.3675238939797,7,1765,2870,FALSE,FALSE,TRUE,1
apt,office_pct,0.187700269771019,TRUE,,0.238372883414106,0.238372883414106,0.238372883414106,0.238372883414106,121,0.0751482322515533,0.997069872276484,FALSE,FALSE,FALSE,0
apt,retail_pct,2.02688743441629,TRUE,,0.664685679845256,0.664685679845256,0.664685679845256,0.664685679845256,232,0.0164598406334641,0.997124600638978,FALSE,FALSE,FALSE,0
apt,industrial_pct,0.0409371114819975,TRUE,,0.0113607657746192,0.0113607657746192,0.0113607657746192,0.0113607657746192,35,0.00751911178962203,0.748805256869773,FALSE,FALSE,FALSE,0
apt,parking_pct,0.207694409103983,TRUE,,0.051607538807617,0.051607538807617,0.051607538807617,0.051607538807617,121,1.00000001800251e-35,0.487209978378968,FALSE,FALSE,FALSE,0
apt,net_to_gross_ratio,1.2634345866767,TRUE,,0.841857407769199,0.841857407769199,0.841857407769199,0.841857407769199,573,0.513763657285089,0.999904725609756,FALSE,FALSE,FALSE,0
apt,log_gross_sqft,0.128958676891795,TRUE,,9.56736796778605,9.56736796778605,9.56736796778605,9.56736796778605,54,7.4899552935852,12.7268654316771,FALSE,FALSE,FALSE,0
apt,log_net_sqft,0.285956809296754,TRUE,,9.37334971253051,9.37334971253051,9.37334971253051,9.37334971253051,90,7.24203905977492,12.4453891098341,FALSE,FALSE,FALSE,0
apt,cs_apt_vacancy_rate,1.42817997231183,FALSE,0.580645161290323,0.0508307367563248,0.0780633203685284,0.0656257987850242,0.0738821311129464,153,0.0518139025403394,0.0771488311390082,FALSE,FALSE,FALSE,0
apt,cs_apt_occupancy_rate,1.54126583878807,FALSE,0.580645161290323,0.921936677561866,0.94916926489936,0.926117870542738,0.934374206595951,169,0.923832247654597,0.948186099529267,FALSE,FALSE,FALSE,0
apt,cs_apt_stabilized_vacancy,3.09548650443194,FALSE,0.548387096774194,0.4212,1.1086,0.515,0.5685,101,0.4258,0.88695,FALSE,FALSE,FALSE,0
apt,cs_apt_asking_rent_unit,0.130458785648535,FALSE,0.838709677419355,1237.51469590929,2052.85613335504,2058.92801920573,2253.71866861979,36,1297.95621744792,1944.61387125651,FALSE,TRUE,TRUE,2
apt,cs_apt_effective_rent_unit,0.00279772182671552,FALSE,0.838709677419355,1229.09862603082,2030.90389675564,2036.9332953559,2229.77187771268,3,1287.59486219618,1423.55710177951,FALSE,TRUE,TRUE,2
apt,cs_apt_asking_rent_sf,0.0208355799773539,FALSE,0.838709677419355,1.84777777777778,3.08111111111111,3.1,3.39333333333333,1,1.94,1.94,FALSE,TRUE,TRUE,2
apt,cs_apt_effective_rent_sf,0,FALSE,0.838709677419355,1.83444444444444,3.04944444444444,3.06666666666667,3.35777777777778,0,,,FALSE,TRUE,FALSE,1
apt,cs_apt_asking_rent_growth,0.687640718422067,FALSE,0.566666666666667,-0.0276904066817628,0.0173252698861891,0.00670203745054703,0.0113276665409406,205,-0.0165736252804183,0.0168797676968906,FALSE,FALSE,FALSE,0
apt,cs_apt_eff_rent_growth,0.300107142713301,FALSE,0.5,-0.0286279457310835,0.0180494278255436,0.00670910893111593,0.0113347608389126,115,-0.0173335273025764,0.0147186991428801,FALSE,FALSE,FALSE,0
apt,cs_apt_asking_rent_index,0,FALSE,0.838709677419355,79.5852805243598,133.122486114502,133.497157626682,146.169213189019,0,,,FALSE,TRUE,FALSE,1
apt,cs_apt_rent_studio,0.184670153338876,FALSE,0.806451612903226,925.475611111111,1509.51402222222,1500.9982,1643.2438,7,1141.66582222222,1503.80421388889,FALSE,FALSE,FALSE,0
apt,cs_apt_rent_1br,0,FALSE,0.806451612903226,1207.94145555556,2006.54604444444,2008.44726666667,2197.75787777778,0,,,FALSE,TRUE,FALSE,1
apt,cs_apt_rent_2br,0.00938048491872489,FALSE,0.838709677419355,1606.39064444444,2714.25087222222,2722.12305555556,2981.24543333333,2,2446.84086111111,2446.84086111111,FALSE,TRUE,TRUE,2
apt,cs_apt_rent_3br,0.0412434510316574,FALSE,0.806451612903226,2402.68598888889,3793.91852222222,3696.99067777778,4040.93781111111,21,3685.61298888889,3747.13140555556,FALSE,FALSE,FALSE,0
apt,cs_apt_eff_rent_studio,0.0192802263815088,FALSE,0.838709677419355,918.497855555556,1482.4737,1485.55685555556,1626.38085555556,9,964.186622222222,1322.83944444444,FALSE,TRUE,TRUE,2
apt,cs_apt_eff_rent_1br,0,FALSE,0.838709677419355,1199.68992222222,1979.36482222222,1985.39307777778,2172.6675,0,,,FALSE,TRUE,FALSE,1
apt,cs_apt_eff_rent_2br,0.0185311670970467,FALSE,0.806451612903226,1596.29131111111,2687.30404444444,2694.91112222222,2951.65446666667,10,1674.18748333333,2552.57776666667,FALSE,TRUE,TRUE,2
apt,cs_apt_eff_rent_3br,0.0217807043357918,FALSE,0.774193548387097,2385.80561111111,3744.03073333333,3666.71306666667,4007.96727777778,10,3642.71783333333,3732.84672777778,FALSE,FALSE,FALSE,0
apt,cs_apt_market_cap_rate,3.14368388276697,FALSE,0.774193548387097,0.0376888861258825,0.0768456972307629,0.0487557194299168,0.0496692206296656,106,0.0411270461562607,0.0583239251540767,FALSE,FALSE,FALSE,0
apt,cs_apt_asset_value,0.876121084002491,FALSE,0.806451612903226,16483634560,129432476160,64806976000,72416570624,35,27772582400,70060842880,FALSE,FALSE,FALSE,0
apt,cs_apt_sale_price_unit,0.110402779489155,FALSE,0.806451612903226,98561.8514222222,485159.905277778,388338.029122222,433840.552633333,37,393543.314547222,416655.724383333,FALSE,FALSE,FALSE,0
apt,cs_apt_sale_price_index,1.56765729841675,FALSE,0.806451612903226,56.0907664926033,271.34512533518,223.941516157753,250.059077665987,44,93.9905826066967,229.097698708509,FALSE,FALSE,FALSE,0
apt,cs_apt_sale_price_growth,1.28599216328693,FALSE,0.533333333333333,-0.232786167987183,0.311658012283473,0.00198880864252559,0.0313469633400882,162,-0.0799415941174211,0.234274339209356,FALSE,FALSE,FALSE,0
apt,cs_apt_absorption_pct,0.83977134149836,FALSE,0.5,-0.00207833333333333,0.0158236666666667,0.003091,0.00490033333333333,158,-0.000643111111111111,0.0150709444444444,FALSE,FALSE,FALSE,0
apt,cs_apt_absorption_units,0.832121017640948,FALSE,0.516129032258065,-68,6828,2115,3301,126,1.00000001800251e-35,6572.5,FALSE,FALSE,FALSE,0
apt,cs_apt_net_delivered_units,0.937689441319919,FALSE,0.612903225806452,0,7463,1671,4285,80,355,7148.5,FALSE,FALSE,FALSE,0
apt,cs_apt_constr_starts_units,3.81517236987295,FALSE,0.5,0,7924,0,0,99,468.5,7801.5,FALSE,FALSE,TRUE,1
apt,cs_apt_under_constr_units,0.29386554338365,FALSE,0.518518518518519,646,14107,0,0,91,887.5,11717.5,FALSE,TRUE,TRUE,2
apt,cs_apt_demand_units_yoy,7.03269999429956,FALSE,0.5,-0.000974110389601157,0.0631572387368442,0.0147882774028634,0.0208785693465332,126,0.00633649819491689,0.062325640654843,FALSE,FALSE,FALSE,0
apt,cs_apt_inventory_units_yoy,0.960379105429309,FALSE,0.566666666666667,0.00371026333820268,1.01340664208565,-0.489073672630796,0.0167554934523735,128,0.00532871592740736,0.0637949764784326,FALSE,FALSE,FALSE,0
office,econ_employment_thous_yoy_lag1,3.06600054654891,FALSE,0.516129032258065,-5.77819154466319,4.450672535107,-0.321892254187872,1.06141238649464,308,-5.42657749196946,3.84616578475878,FALSE,FALSE,FALSE,0
office,econ_services_providing_yoy_lag1,1.05817451643212,FALSE,0.516129032258065,-5.60438210528668,4.81487889273358,-0.460828141380443,1.20600974509146,141,-4.52849298756695,4.23431230328256,FALSE,FALSE,FALSE,0
office,econ_population_thous_yoy_lag1,1.76306202373272,FALSE,0.612903225806452,0.658042751227694,2.26134908906881,0.474282770465395,0.759426836841937,226,0.752660312126397,2.20047786334471,FALSE,FALSE,FALSE,0
office,econ_wholesale_and_retail_trade_yoy_lag1,1.03032937336679,FALSE,0.516129032258065,-6.65337270391532,4.55900120821586,-1.31407924650861,0.317177646280786,176,-6.35710402750245,3.75869877401215,FALSE,FALSE,FALSE,0
office,econ_housing_permits_thous_yoy_lag1,1.52675443263207,FALSE,0.516129032258065,-58.0088944370758,66.2180814354727,0.126853485551282,25.0307357831017,247,-48.6855750985587,57.5794977968891,FALSE,FALSE,FALSE,0
office,econ_seattle_msa_s_p_corelogic_case_shilller_home_price_index_yoy_lag1,1.98886934568524,FALSE,0.516129032258065,-14.338894155444,21.8010251347206,-1.91622950725402,3.48177289743727,279,-6.95522650436449,18.9215832870852,FALSE,FALSE,FALSE,0
office,econ_employment_thous_lvl_lag1,1.9220784763579,FALSE,0.741935483870968,1341.18333333333,1781.46666666667,1772.22691666667,1830.29825,247,1346.0875,1779.70833333333,FALSE,FALSE,FALSE,0
office,econ_services_providing_lvl_lag1,0.438442369960158,FALSE,0.806451612903226,1100.925,1534.15833333333,1527.0885,1581.8295,80,1113.44583333333,1533.825,FALSE,FALSE,FALSE,0
office,econ_population_thous_lvl_lag1,0.625845540189594,FALSE,1,2317.76442596637,3293.99567456135,3309.61852850567,3393.49315198473,76,2400.81714928543,3277.54963793865,TRUE,TRUE,TRUE,3
office,econ_seattle_msa_s_p_corelogic_case_shilller_home_price_index_lvl_lag1,0.513304770993555,FALSE,0.774193548387097,96.5298895762196,393.651288142245,382.081125,418.01175,102,112.1874983777,374.014746883575,FALSE,FALSE,TRUE,1
office,n_comm_bldgs,0.209035164763926,TRUE,,1.26418680423568,1.26418680423568,1.26418680423568,1.26418680423568,56,1.5,5,FALSE,FALSE,TRUE,1
office,total_gross_sqft,2.74061721966642,TRUE,,64765.5682867228,64765.5682867228,64765.5682867228,64765.5682867228,436,850,754502.5,FALSE,FALSE,FALSE,0
office,total_net_sqft,2.07292846148624,TRUE,,48147.9000814553,48147.9000814553,48147.9000814553,48147.9000814553,351,919,729699.5,FALSE,FALSE,FALSE,0
office,max_nbr_stories,1.70246894547242,TRUE,,2.97040456149878,2.97040456149878,2.97040456149878,2.97040456149878,208,1.5,35,FALSE,FALSE,FALSE,0
office,avg_bldg_quality,0.730165322706811,TRUE,,4.54014978137708,4.54014978137708,4.54014978137708,4.54014978137708,149,2.16666666666667,7.75,FALSE,FALSE,FALSE,0
office,max_bldg_quality,0.259638643719992,TRUE,,4.59408091229976,4.59408091229976,4.59408091229976,4.59408091229976,58,2.5,7.5,FALSE,FALSE,FALSE,0
office,predominant_use,0.815171534402134,TRUE,,399.803421124084,399.803421124084,399.803421124084,399.803421124084,157,316,835,FALSE,FALSE,FALSE,0
office,constr_class,0.694188315306888,TRUE,,3.24925332609286,3.24925332609286,3.24925332609286,3.24925332609286,124,1.5,4.5,FALSE,FALSE,FALSE,0
office,yr_built_first_comm,3.39084663950125,TRUE,,1967.9234319848,1967.9234319848,1967.9234319848,1967.9234319848,608,1900.5,2023.5,FALSE,FALSE,FALSE,0
office,yr_built_last_comm,2.88146535200824,TRUE,,1970.76187890307,1970.76187890307,1970.76187890307,1970.76187890307,423,1901.5,2023.5,FALSE,FALSE,FALSE,0
office,eff_yr_comm,2.97750176865491,TRUE,,1997.45370621776,1997.45370621776,1997.45370621776,1997.45370621776,526,1937.5,2023.5,FALSE,FALSE,FALSE,0
office,avg_age_comm,1.77120810614183,TRUE,,56.6853322838774,56.6853322838774,56.6853322838774,56.6853322838774,278,6.5,124.5,FALSE,FALSE,FALSE,0
office,min_eff_age_comm,0.910389733702598,TRUE,,28.5462937822427,28.5462937822427,28.5462937822427,28.5462937822427,125,2.5,88.5,FALSE,FALSE,FALSE,0
office,has_sprinklers,0.141544674953872,TRUE,,0.385826771653543,0.385826771653543,0.385826771653543,0.385826771653543,31,1.00000001800251e-35,1.00000001800251e-35,FALSE,FALSE,TRUE,1
office,has_elevators,0.119978666262269,TRUE,,0.262014661960358,0.262014661960358,0.262014661960358,0.262014661960358,21,1.00000001800251e-35,1.00000001800251e-35,FALSE,FALSE,TRUE,1
office,pcnt_complete_comm,0.0962510750640787,TRUE,,99.5071632780182,99.5071632780182,99.5071632780182,99.5071632780182,32,1.00000001800251e-35,98.2745098039216,FALSE,FALSE,TRUE,1
office,n_sections,0.844491956527295,TRUE,,2.25495519956557,2.25495519956557,2.25495519956557,2.25495519956557,166,1.5,14.5,FALSE,FALSE,FALSE,0
office,n_distinct_uses,0.811473194539869,TRUE,,1.85256584306272,1.85256584306272,1.85256584306272,1.85256584306272,110,1.5,7.5,FALSE,FALSE,FALSE,0
office,sect_gross_sqft,1.25624142061219,TRUE,,64598.9190877003,64598.9190877003,64598.9190877003,64598.9190877003,199,1583,538170.5,FALSE,FALSE,FALSE,0
office,sect_net_sqft,1.14861849538417,TRUE,,47993.1857181645,47993.1857181645,47993.1857181645,47993.1857181645,198,1452,395699.5,FALSE,FALSE,FALSE,0
office,office_sqft,0.251144298922504,TRUE,,2342.40456149878,2342.40456149878,2342.40456149878,2342.40456149878,68,165,99895,FALSE,FALSE,FALSE,0
office,retail_sqft,3.65817909335799,TRUE,,51395.3847407005,51395.3847407005,51395.3847407005,51395.3847407005,544,1.00000001800251e-35,973815.5,FALSE,FALSE,FALSE,0
office,industrial_sqft,0.500578754050413,TRUE,,2352.65843062721,2352.65843062721,2352.65843062721,2352.65843062721,96,122,169230.5,FALSE,FALSE,FALSE,0
office,institutional_sqft,0.0574249950223442,TRUE,,521.415965245724,521.415965245724,521.415965245724,521.415965245724,22,1.00000001800251e-35,119662.5,FALSE,FALSE,FALSE,0
office,parking_sqft,1.61456189921688,TRUE,,4592.33125169699,4592.33125169699,4592.33125169699,4592.33125169699,310,1.00000001800251e-35,124327,FALSE,FALSE,FALSE,0
office,avg_story_height,3.03432919504967,TRUE,,11.0509722004297,11.0509722004297,11.0509722004297,11.0509722004297,585,7.35489599188229,28.5,FALSE,FALSE,FALSE,0
office,parking_garage_sqft,0.0204459276627816,TRUE,,4.81536790659788,4.81536790659788,4.81536790659788,4.81536790659788,7,1.00000001800251e-35,2495,FALSE,FALSE,FALSE,0
office,surface_parking_sqft,0.00282447521667032,TRUE,,12.3771382025523,12.3771382025523,12.3771382025523,12.3771382025523,2,3440.5,3440.5,FALSE,FALSE,TRUE,1
office,canopy_sqft,0.222229450160421,TRUE,,113.187347271246,113.187347271246,113.187347271246,113.187347271246,60,1.00000001800251e-35,14125,FALSE,FALSE,FALSE,0
office,other_feature_sqft,0.191600486124527,TRUE,,25.9242465381483,25.9242465381483,25.9242465381483,25.9242465381483,42,1.00000001800251e-35,5535,FALSE,FALSE,FALSE,0
office,total_feature_sqft,0.306044105497594,TRUE,,156.304099918545,156.304099918545,156.304099918545,156.304099918545,62,1.00000001800251e-35,15924,FALSE,FALSE,FALSE,0
office,total_parking_sqft,0.130119075878186,TRUE,,130.379853380396,130.379853380396,130.379853380396,130.379853380396,27,1.00000001800251e-35,15620,FALSE,FALSE,FALSE,0
office,office_pct,0.279016554402067,TRUE,,0.0579079923275646,0.0579079923275646,0.0579079923275646,0.0579079923275646,63,1.00000001800251e-35,0.508507429458284,FALSE,FALSE,FALSE,0
office,retail_pct,1.89047410862137,TRUE,,0.720850559973441,0.720850559973441,0.720850559973441,0.720850559973441,360,0.139723236048956,0.999483110656804,FALSE,FALSE,FALSE,0
office,industrial_pct,0.781152974825194,TRUE,,0.04540700673677,0.04540700673677,0.04540700673677,0.04540700673677,116,0.00692572954267282,0.934991771110267,FALSE,FALSE,FALSE,0
office,parking_pct,1.485955173108,TRUE,,0.0754338394211623,0.0754338394211623,0.0754338394211623,0.0754338394211623,322,0.00608468237623332,0.580038424952833,FALSE,FALSE,FALSE,0
office,net_to_gross_ratio,1.81077380236235,TRUE,,0.907965673676623,0.907965673676623,0.907965673676623,0.907965673676623,375,0.426171775617659,0.996875,FALSE,FALSE,FALSE,0
office,log_gross_sqft,0.143690138929409,TRUE,,9.43850067267755,9.43850067267755,9.43850067267755,9.43850067267755,28,7.69484299654168,12.2728828006689,FALSE,FALSE,FALSE,0
office,log_net_sqft,0.296662420213187,TRUE,,9.30265224005425,9.30265224005425,9.30265224005425,9.30265224005425,47,7.66270283283089,12.3184608666411,FALSE,FALSE,FALSE,0
office,cs_off_vacancy_rate,1.84898526716861,FALSE,0.548387096774194,0.0147076528519392,0.177235741996103,0.164929033981429,0.184662311441369,188,0.0462364273456236,0.172297492416369,FALSE,FALSE,FALSE,0
office,cs_off_occupancy_rate,0.682884495123417,FALSE,0.548387096774194,0.822764250967238,0.985292341974047,0.815337691042158,0.835070961051517,118,0.891639331976573,0.953763571050432,FALSE,FALSE,TRUE,1
office,cs_off_asking_rent_sf,0.716686255192757,FALSE,0.612903225806452,24.7233333333333,41.8711111111111,37.2866666666667,42.5533333333333,150,25.1322222222222,40.8766666666667,FALSE,FALSE,FALSE,0
office,cs_off_asking_rent_growth,1.88054723201643,FALSE,0.566666666666667,-0.0366161550498671,0.0218242120722102,0.00308821611623797,0.00983756501227617,236,-0.0300175100047555,0.0194477081143608,FALSE,FALSE,FALSE,0
office,cs_off_asking_rent_index,0.139115939009957,FALSE,0.645161290322581,81.356571621365,137.029832628038,122.938346015082,140.486403571235,28,83.7651371426053,133.844955444336,FALSE,FALSE,FALSE,0
office,cs_off_market_cap_rate,0.778972349657048,FALSE,0.548387096774194,0.0539641351335578,0.090565679801835,0.0704328061805831,0.0744745830694834,149,0.0550998134745492,0.0894791831572851,FALSE,FALSE,FALSE,0
office,cs_off_asset_value,0.745959696325789,FALSE,0.774193548387097,19644146464,93470402560,46792489664,57232307584,134,20530070560,62761790592,FALSE,FALSE,FALSE,0
office,cs_off_sale_price_sf,0.325357849321745,FALSE,0.806451612903226,166.311522222222,524.381911111111,395.905055555556,489.638144444445,50,173.0157,520.484883333333,FALSE,FALSE,FALSE,0
office,cs_off_sale_price_index,0.0504637833794522,FALSE,0.774193548387097,65.4131069945189,198.567760046215,142.947618115941,177.356870129716,8,93.2453189833755,193.098881806802,FALSE,FALSE,FALSE,0
office,cs_off_sale_price_growth,2.38306345717005,FALSE,0.566666666666667,-0.203929849664076,0.171248164731148,0.00789690429876144,0.0710815717970308,196,-0.16471482895913,0.148265884143227,FALSE,FALSE,FALSE,0
office,cs_off_net_absorption_sf,0.910971844275372,FALSE,0.516129032258065,-3716364,3646657,-1275123,865269,195,-3233611.5,3236770.5,FALSE,FALSE,FALSE,0
office,cs_off_net_delivered_sf,1.24272043704135,FALSE,0.548387096774194,-12572,3733869,-170455,-24019,223,-1.00000001800251e-35,3216252,FALSE,TRUE,TRUE,2
office,cs_off_inventory_sf,0.0793465769993339,FALSE,0.806451612903226,68393120,218829452,108733131,109254814,14,76815289.5,105509352.5,FALSE,FALSE,TRUE,1
office,cs_off_demand_sf,0.436101715992677,FALSE,0.709677419354839,0,385283482,335706550,343301241,86,269394391.5,382177244.5,FALSE,FALSE,FALSE,0
office,cs_off_vacant_sf,4.7101547532432,FALSE,0.580645161290323,1094551,48559493,22768194,25524249,201,5341903.5,10599184,FALSE,FALSE,TRUE,1
industrial,econ_employment_thous_yoy_lag1,2.3912333965738,FALSE,0.516129032258065,-5.77819154466319,4.450672535107,-0.321892254187872,1.06141238649464,335,-5.42657749196946,3.84616578475878,FALSE,FALSE,FALSE,0
industrial,econ_services_providing_yoy_lag1,1.09473077895088,FALSE,0.516129032258065,-5.60438210528668,4.81487889273358,-0.460828141380443,1.20600974509146,152,-4.52849298756695,4.23431230328256,FALSE,FALSE,FALSE,0
industrial,econ_population_thous_yoy_lag1,1.46643536623056,FALSE,0.612903225806452,0.658042751227694,2.26134908906881,0.474282770465395,0.759426836841937,277,0.752660312126397,2.20047786334471,FALSE,FALSE,FALSE,0
industrial,econ_wholesale_and_retail_trade_yoy_lag1,2.00447920141787,FALSE,0.516129032258065,-6.65337270391532,4.55900120821586,-1.31407924650861,0.317177646280786,196,-6.35710402750245,3.75869877401215,FALSE,FALSE,FALSE,0
industrial,econ_housing_permits_thous_yoy_lag1,1.22039432596723,FALSE,0.516129032258065,-58.0088944370758,66.2180814354727,0.126853485551282,25.0307357831017,236,-48.6855750985587,57.5794977968891,FALSE,FALSE,FALSE,0
industrial,econ_seattle_msa_s_p_corelogic_case_shilller_home_price_index_yoy_lag1,1.22240455058983,FALSE,0.516129032258065,-14.338894155444,21.8010251347206,-1.91622950725402,3.48177289743727,218,-10.8375335014507,15.879813315436,FALSE,FALSE,FALSE,0
industrial,econ_employment_thous_lvl_lag1,2.28050092205396,FALSE,0.741935483870968,1341.18333333333,1781.46666666667,1772.22691666667,1830.29825,180,1346.0875,1779.70833333333,FALSE,FALSE,FALSE,0
industrial,econ_services_providing_lvl_lag1,0.56675229637475,FALSE,0.806451612903226,1100.925,1534.15833333333,1527.0885,1581.8295,69,1113.44583333333,1533.825,FALSE,FALSE,FALSE,0
industrial,econ_population_thous_lvl_lag1,0.598802088449074,FALSE,1,2317.76442596637,3293.99567456135,3309.61852850567,3393.49315198473,77,2400.81714928543,3277.54963793865,TRUE,TRUE,TRUE,3
industrial,econ_seattle_msa_s_p_corelogic_case_shilller_home_price_index_lvl_lag1,0.753474472282185,FALSE,0.774193548387097,96.5298895762196,393.651288142245,382.081125,418.01175,120,112.1874983777,374.014746883575,FALSE,FALSE,TRUE,1
industrial,n_comm_bldgs,0.439668893384136,TRUE,,1.61253091508656,1.61253091508656,1.61253091508656,1.61253091508656,85,1.5,13.5,FALSE,FALSE,FALSE,0
industrial,total_gross_sqft,2.72026135397879,TRUE,,40559.3234405056,40559.3234405056,40559.3234405056,40559.3234405056,450,1178,282032.5,FALSE,FALSE,FALSE,0
industrial,total_net_sqft,1.79981222959449,TRUE,,38053.2739763671,38053.2739763671,38053.2739763671,38053.2739763671,262,1495,224301,FALSE,FALSE,FALSE,0
industrial,max_nbr_stories,0.938696704389851,TRUE,,1.3337455344875,1.3337455344875,1.3337455344875,1.3337455344875,127,1.5,4.5,FALSE,FALSE,TRUE,1
industrial,avg_bldg_quality,1.05069037563725,TRUE,,4.00161775513275,4.00161775513275,4.00161775513275,4.00161775513275,191,2.06666666666667,6.75,FALSE,FALSE,FALSE,0
industrial,max_bldg_quality,0.427105888763991,TRUE,,4.10593569661995,4.10593569661995,4.10593569661995,4.10593569661995,77,2.5,6.5,FALSE,FALSE,FALSE,0
industrial,predominant_use,1.48259769987074,TRUE,,459.120225336631,459.120225336631,459.120225336631,459.120225336631,357,238.5,835,FALSE,FALSE,FALSE,0
industrial,constr_class,0.550895027710492,TRUE,,3.52143446001649,3.52143446001649,3.52143446001649,3.52143446001649,118,1.5,4.5,FALSE,FALSE,FALSE,0
industrial,yr_built_first_comm,2.77110182648224,TRUE,,1972.55028854081,1972.55028854081,1972.55028854081,1972.55028854081,539,1900.5,2022.5,FALSE,FALSE,FALSE,0
industrial,yr_built_last_comm,2.33572396588943,TRUE,,1978.03888430888,1978.03888430888,1978.03888430888,1978.03888430888,448,1900.5,2022.5,FALSE,FALSE,FALSE,0
industrial,eff_yr_comm,4.37685446757986,TRUE,,1994.47705413575,1994.47705413575,1994.47705413575,1994.47705413575,607,1948.5,2023.5,FALSE,FALSE,FALSE,0
industrial,avg_age_comm,1.50025078236251,TRUE,,50.7450717300303,50.7450717300303,50.7450717300303,50.7450717300303,311,5.5,118.5,FALSE,FALSE,FALSE,0
industrial,min_eff_age_comm,0.486199619321209,TRUE,,31.5229458642484,31.5229458642484,31.5229458642484,31.5229458642484,78,8.5,80,FALSE,FALSE,FALSE,0
industrial,has_sprinklers,0.33151480618894,TRUE,,0.369744435284419,0.369744435284419,0.369744435284419,0.369744435284419,61,1.00000001800251e-35,1.00000001800251e-35,FALSE,FALSE,TRUE,1
industrial,has_elevators,0.0610245423688143,TRUE,,0.0643033800494641,0.0643033800494641,0.0643033800494641,0.0643033800494641,15,1.00000001800251e-35,1.00000001800251e-35,FALSE,FALSE,TRUE,1
industrial,pcnt_complete_comm,0.00399772899449775,TRUE,,99.5596381980004,99.5596381980004,99.5596381980004,99.5596381980004,2,1.00000001800251e-35,97.5,FALSE,FALSE,TRUE,1
industrial,n_sections,0.703283696002428,TRUE,,2.52638087386645,2.52638087386645,2.52638087386645,2.52638087386645,150,1.5,12.5,FALSE,FALSE,FALSE,0
industrial,n_distinct_uses,0.577888401995179,TRUE,,1.92745259686727,1.92745259686727,1.92745259686727,1.92745259686727,122,1.5,6.5,FALSE,FALSE,FALSE,0
industrial,sect_gross_sqft,2.01120811616892,TRUE,,39614.7232756252,39614.7232756252,39614.7232756252,39614.7232756252,296,1605.5,156323,FALSE,FALSE,FALSE,0
industrial,sect_net_sqft,1.13462266935288,TRUE,,37161.361775213,37161.361775213,37161.361775213,37161.361775213,189,1495,230750,FALSE,FALSE,FALSE,0
industrial,office_sqft,0.328612128427738,TRUE,,893.652651827425,893.652651827425,893.652651827425,893.652651827425,92,273,38435.5,FALSE,FALSE,FALSE,0
industrial,retail_sqft,2.27772364980231,TRUE,,4927.47705413575,4927.47705413575,4927.47705413575,4927.47705413575,339,1.00000001800251e-35,74802,FALSE,FALSE,FALSE,0
industrial,industrial_sqft,3.36675873064658,TRUE,,22183.6248969497,22183.6248969497,22183.6248969497,22183.6248969497,489,1.00000001800251e-35,148887,FALSE,FALSE,FALSE,0
industrial,institutional_sqft,0.94332998353803,TRUE,,6822.59686727123,6822.59686727123,6822.59686727123,6822.59686727123,188,1.00000001800251e-35,326817.5,FALSE,FALSE,FALSE,0
industrial,parking_sqft,0.559402147389284,TRUE,,642.851332783732,642.851332783732,642.851332783732,642.851332783732,142,1.00000001800251e-35,48789,FALSE,FALSE,FALSE,0
industrial,avg_story_height,3.45956549623427,TRUE,,16.1782799699968,16.1782799699968,16.1782799699968,16.1782799699968,624,8.13641151685394,67.5,FALSE,FALSE,FALSE,0
industrial,parking_garage_sqft,0.00310676083436191,TRUE,,3.14207199780159,3.14207199780159,3.14207199780159,3.14207199780159,2,2088,2088,FALSE,FALSE,TRUE,1
industrial,surface_parking_sqft,0.00264697745651966,TRUE,,10.2499312998076,10.2499312998076,10.2499312998076,10.2499312998076,3,1.00000001800251e-35,1.00000001800251e-35,FALSE,FALSE,TRUE,1
industrial,canopy_sqft,0.548061722574232,TRUE,,622.775350370981,622.775350370981,622.775350370981,622.775350370981,112,232.5,16765.5,FALSE,FALSE,FALSE,0
industrial,other_feature_sqft,0.332133246675667,TRUE,,338.202802967848,338.202802967848,338.202802967848,338.202802967848,72,1.00000001800251e-35,8281.5,FALSE,FALSE,FALSE,0
industrial,total_feature_sqft,1.13763856131652,TRUE,,974.370156636439,974.370156636439,974.370156636439,974.370156636439,192,104,25213,FALSE,FALSE,FALSE,0
industrial,total_parking_sqft,0.21443046404055,TRUE,,636.16735366859,636.16735366859,636.16735366859,636.16735366859,51,217,13005,FALSE,FALSE,FALSE,0
industrial,office_pct,0.188724185395069,TRUE,,0.0373294042130369,0.0373294042130369,0.0373294042130369,0.0373294042130369,52,0.011238380429479,0.98567479026846,FALSE,FALSE,FALSE,0
industrial,retail_pct,1.91735973623258,TRUE,,0.0855045439122333,0.0855045439122333,0.0855045439122333,0.0855045439122333,283,0.00604502615170916,0.992097464603227,FALSE,FALSE,FALSE,0
industrial,industrial_pct,2.69270370818613,TRUE,,0.591528580823385,0.591528580823385,0.591528580823385,0.591528580823385,456,0.027996086167441,0.995965227597843,FALSE,FALSE,FALSE,0
industrial,parking_pct,0.276088876188456,TRUE,,0.0141198445587004,0.0141198445587004,0.0141198445587004,0.0141198445587004,70,0.0105629392686321,0.478807123859034,FALSE,FALSE,FALSE,0
industrial,net_to_gross_ratio,0.729884268283306,TRUE,,0.981894421755772,0.981894421755772,0.981894421755772,0.981894421755772,141,0.460037795497731,0.998196129878649,FALSE,FALSE,FALSE,0
industrial,log_gross_sqft,0.263978031397534,TRUE,,9.41730531293507,9.41730531293507,9.41730531293507,9.41730531293507,45,7.23921471610742,11.7744384042363,FALSE,FALSE,FALSE,0
industrial,log_net_sqft,0.229556296607037,TRUE,,9.38444423785069,9.38444423785069,9.38444423785069,9.38444423785069,30,7.56241873896378,12.3206567433026,FALSE,FALSE,FALSE,0
industrial,cs_ind_vacancy_rate,0.818658325817237,FALSE,0.516129032258065,0.0169005340503645,0.112383898096596,0.11795297327626,0.120481518417364,106,0.0172757383006683,0.0966387748248963,FALSE,TRUE,TRUE,2
industrial,cs_ind_occupancy_rate,0.855232888538183,FALSE,0.516129032258065,0.887616098858416,0.983099468052387,0.879518480971455,0.882047025486827,89,0.929710276424885,0.982724262401462,FALSE,TRUE,TRUE,2
industrial,cs_ind_asking_rent_sf,0.101994391706888,FALSE,0.870967741935484,8.913125,20.720625,20.87625,24.203125,21,9.158125,10.6865625,TRUE,TRUE,TRUE,3
industrial,cs_ind_asking_rent_growth,1.74471024760635,FALSE,0.666666666666667,-0.0122489772620611,0.0201505833538249,0.00320437138725538,0.0104792997590266,158,-0.00918767988969194,0.0175714969518595,FALSE,FALSE,FALSE,0
industrial,cs_ind_asking_rent_index,0.0822168562115173,FALSE,0.870967741935484,82.5585331916809,194.716741085053,196.044604301453,227.237117767334,18,85.4209935665131,98.7669453620911,TRUE,TRUE,TRUE,3
industrial,cs_ind_market_cap_rate,0.332582324366211,FALSE,0.709677419354839,0.0477839263621718,0.083135724067688,0.0580939119681716,0.0597111056558788,64,0.0520881263073534,0.0705317286774516,FALSE,FALSE,FALSE,0
industrial,cs_ind_asset_value,0.0957310871037778,FALSE,0.870967741935484,3204542309,30136797954,15288724958,18702375060,23,4827063673.25,15045819779,TRUE,FALSE,TRUE,2
industrial,cs_ind_sale_price_sf,0.00679170499583332,FALSE,0.903225806451613,70.7200625,338.273628125,344.38990625,422.2865125,1,329.1034,329.1034,TRUE,TRUE,TRUE,3
industrial,cs_ind_sale_price_index,0,FALSE,0.903225806451613,61.9891833231187,287.106035784054,292.746993315475,358.668447838016,0,,,TRUE,TRUE,FALSE,2
industrial,cs_ind_sale_price_growth,1.00807271616278,FALSE,0.5,-0.121025060603808,0.182012462666595,0.017449623436679,0.0618542357875904,211,-0.0872868755357723,0.150506577614237,FALSE,FALSE,FALSE,0
industrial,cs_ind_net_absorption_sf,1.21823480994176,FALSE,0.516129032258065,-1426166,739974,-68780,303967,171,-1240700.5,691434.5,FALSE,FALSE,FALSE,0
industrial,cs_ind_net_delivered_sf,3.6877684191686,FALSE,0.548387096774194,-1417391,902115,2660,208859,274,-1119865.5,683449,FALSE,FALSE,FALSE,0
industrial,cs_ind_inventory_sf,0.842938213086737,FALSE,0.741935483870968,52316969,106370250,53337123,53809917,132,52470495.5,60314722.5,FALSE,FALSE,FALSE,0
industrial,cs_ind_demand_sf,0.403665158576896,FALSE,0.67741935483871,0,235105066,191985473,196013509,31,209679707.5,216586319,FALSE,FALSE,TRUE,1
industrial,cs_ind_vacant_sf,0.970341846486051,FALSE,0.548387096774194,938051,10150881,4724525,5286364,171,939509,3580755,FALSE,FALSE,TRUE,1
retail,econ_employment_thous_yoy_lag1,2.14971997414912,FALSE,0.516129032258065,-5.77819154466319,4.450672535107,-0.321892254187872,1.06141238649464,284,-5.42657749196946,3.84616578475878,FALSE,FALSE,FALSE,0
retail,econ_services_providing_yoy_lag1,1.0097976717925,FALSE,0.516129032258065,-5.60438210528668,4.81487889273358,-0.460828141380443,1.20600974509146,173,-4.52849298756695,4.23431230328256,FALSE,FALSE,FALSE,0
retail,econ_population_thous_yoy_lag1,1.55335074554041,FALSE,0.612903225806452,0.658042751227694,2.26134908906881,0.474282770465395,0.759426836841937,243,0.752660312126397,2.20047786334471,FALSE,FALSE,FALSE,0
retail,econ_wholesale_and_retail_trade_yoy_lag1,1.474310217091,FALSE,0.516129032258065,-6.65337270391532,4.55900120821586,-1.31407924650861,0.317177646280786,232,-6.35710402750245,3.75869877401215,FALSE,FALSE,FALSE,0
retail,econ_housing_permits_thous_yoy_lag1,2.06360815988726,FALSE,0.516129032258065,-58.0088944370758,66.2180814354727,0.126853485551282,25.0307357831017,301,-35.4632639858809,57.5794977968891,FALSE,FALSE,FALSE,0
retail,econ_seattle_msa_s_p_corelogic_case_shilller_home_price_index_yoy_lag1,1.58351523262625,FALSE,0.516129032258065,-14.338894155444,21.8010251347206,-1.91622950725402,3.48177289743727,239,-6.95522650436449,18.9215832870852,FALSE,FALSE,FALSE,0
retail,econ_employment_thous_lvl_lag1,1.09816507405421,FALSE,0.741935483870968,1341.18333333333,1781.46666666667,1772.22691666667,1830.29825,162,1346.0875,1779.70833333333,FALSE,FALSE,FALSE,0
retail,econ_services_providing_lvl_lag1,0.741057619500348,FALSE,0.806451612903226,1100.925,1534.15833333333,1527.0885,1581.8295,104,1113.44583333333,1533.825,FALSE,FALSE,FALSE,0
retail,econ_population_thous_lvl_lag1,1.23575487023807,FALSE,1,2317.76442596637,3293.99567456135,3309.61852850567,3393.49315198473,93,2370.42354130021,3160.07379106051,TRUE,TRUE,TRUE,3
retail,econ_seattle_msa_s_p_corelogic_case_shilller_home_price_index_lvl_lag1,0.578118743095011,FALSE,0.774193548387097,96.5298895762196,393.651288142245,382.081125,418.01175,86,112.1874983777,250.553908596939,FALSE,FALSE,TRUE,1
retail,n_comm_bldgs,0.30670910073365,TRUE,,1.37883698760725,1.37883698760725,1.37883698760725,1.37883698760725,56,1.5,5.5,FALSE,FALSE,TRUE,1
retail,total_gross_sqft,3.1226502816312,TRUE,,23757.809914204,23757.809914204,23757.809914204,23757.809914204,470,627,303093,FALSE,FALSE,FALSE,0
retail,total_net_sqft,3.07109646322068,TRUE,,22348.3475691134,22348.3475691134,22348.3475691134,22348.3475691134,409,862.5,249999.5,FALSE,FALSE,FALSE,0
retail,max_nbr_stories,0.593206524792467,TRUE,,1.38627264061011,1.38627264061011,1.38627264061011,1.38627264061011,93,1.5,3.5,FALSE,FALSE,TRUE,1
retail,avg_bldg_quality,1.16698049258066,TRUE,,4.14575731227781,4.14575731227781,4.14575731227781,4.14575731227781,186,2.125,7.5,FALSE,FALSE,FALSE,0
retail,max_bldg_quality,0.383652642000064,TRUE,,4.21429933269781,4.21429933269781,4.21429933269781,4.21429933269781,61,2.5,5.5,FALSE,FALSE,FALSE,0
retail,predominant_use,2.14039836850282,TRUE,,457.020209723546,457.020209723546,457.020209723546,457.020209723546,394,226,850,FALSE,FALSE,FALSE,0
retail,constr_class,0.411478281312298,TRUE,,3.38970448045758,3.38970448045758,3.38970448045758,3.38970448045758,70,1.5,4.5,FALSE,FALSE,FALSE,0
retail,yr_built_first_comm,3.2404325931287,TRUE,,1963.95996186845,1963.95996186845,1963.95996186845,1963.95996186845,519,1900.5,2020.5,FALSE,FALSE,FALSE,0
retail,yr_built_last_comm,2.82082172117362,TRUE,,1967.95519542421,1967.95519542421,1967.95519542421,1967.95519542421,464,1900.5,2021,FALSE,FALSE,FALSE,0
retail,eff_yr_comm,4.13108043712865,TRUE,,1995.39714013346,1995.39714013346,1995.39714013346,1995.39714013346,645,1949.5,2019.5,FALSE,FALSE,FALSE,0
retail,avg_age_comm,1.29621799636876,TRUE,,60.1217143202844,60.1217143202844,60.1217143202844,60.1217143202844,209,17.5,125.5,FALSE,FALSE,FALSE,0
retail,min_eff_age_comm,0.564311413325778,TRUE,,30.6028598665396,30.6028598665396,30.6028598665396,30.6028598665396,99,5.5,76.5,FALSE,FALSE,FALSE,0
retail,has_sprinklers,0.400795342176744,TRUE,,0.29628217349857,0.29628217349857,0.29628217349857,0.29628217349857,60,1.00000001800251e-35,1.00000001800251e-35,FALSE,FALSE,TRUE,1
retail,has_elevators,0.0936632870863973,TRUE,,0.059675881792183,0.059675881792183,0.059675881792183,0.059675881792183,17,1.00000001800251e-35,1.00000001800251e-35,FALSE,FALSE,TRUE,1
retail,pcnt_complete_comm,0,TRUE,,99.7869045000122,99.7869045000122,99.7869045000122,99.7869045000122,0,,,FALSE,FALSE,FALSE,0
retail,n_sections,0.85012200179695,TRUE,,2.07759771210677,2.07759771210677,2.07759771210677,2.07759771210677,164,1.5,11.5,FALSE,FALSE,FALSE,0
retail,n_distinct_uses,0.601539832535052,TRUE,,1.70657769304099,1.70657769304099,1.70657769304099,1.70657769304099,98,1.5,6.5,FALSE,FALSE,FALSE,0
retail,sect_gross_sqft,1.87941620350876,TRUE,,23468.4789323165,23468.4789323165,23468.4789323165,23468.4789323165,278,1006.5,311593.5,FALSE,FALSE,FALSE,0
retail,sect_net_sqft,1.83030930857841,TRUE,,22103.9618684461,22103.9618684461,22103.9618684461,22103.9618684461,252,1087.5,249999.5,FALSE,FALSE,FALSE,0
retail,office_sqft,0.568377005439307,TRUE,,2351.09037178265,2351.09037178265,2351.09037178265,2351.09037178265,113,242,47805,FALSE,FALSE,FALSE,0
retail,retail_sqft,3.1369221359679,TRUE,,12954.8974261201,12954.8974261201,12954.8974261201,12954.8974261201,528,1.00000001800251e-35,200318.5,FALSE,FALSE,FALSE,0
retail,industrial_sqft,0.971297407635648,TRUE,,4242.40514775977,4242.40514775977,4242.40514775977,4242.40514775977,176,1.00000001800251e-35,165718.5,FALSE,FALSE,FALSE,0
retail,institutional_sqft,0.172513792743326,TRUE,,468.910962821735,468.910962821735,468.910962821735,468.910962821735,41,1.00000001800251e-35,27331.5,FALSE,FALSE,FALSE,0
retail,parking_sqft,1.00380606265613,TRUE,,770.563393708294,770.563393708294,770.563393708294,770.563393708294,196,96,33748,FALSE,FALSE,FALSE,0
retail,avg_story_height,3.57947350546144,TRUE,,12.9895286047269,12.9895286047269,12.9895286047269,12.9895286047269,596,7.82881604021374,26.8222391832901,FALSE,FALSE,FALSE,0
retail,parking_garage_sqft,0.0222880559771141,TRUE,,13.4265014299333,13.4265014299333,13.4265014299333,13.4265014299333,8,448.5,3978.5,FALSE,FALSE,TRUE,1
retail,surface_parking_sqft,0.138119132925811,TRUE,,49.7784556720686,49.7784556720686,49.7784556720686,49.7784556720686,50,1.00000001800251e-35,7400.5,FALSE,FALSE,FALSE,0
retail,canopy_sqft,0.218984502792329,TRUE,,121.261773117255,121.261773117255,121.261773117255,121.261773117255,56,1.00000001800251e-35,3287,FALSE,FALSE,FALSE,0
retail,other_feature_sqft,0.308044240173114,TRUE,,77.3090562440419,77.3090562440419,77.3090562440419,77.3090562440419,60,1.00000001800251e-35,4758,FALSE,FALSE,FALSE,0
retail,total_feature_sqft,0.60888999634989,TRUE,,261.775786463298,261.775786463298,261.775786463298,261.775786463298,116,1.00000001800251e-35,12180.5,FALSE,FALSE,FALSE,0
retail,total_parking_sqft,0.349034457115808,TRUE,,184.466730219256,184.466730219256,184.466730219256,184.466730219256,74,188.5,11980.5,FALSE,FALSE,TRUE,1
retail,office_pct,0.332523699150054,TRUE,,0.106233228939394,0.106233228939394,0.106233228939394,0.106233228939394,70,1.00000001800251e-35,0.971377812870115,FALSE,FALSE,FALSE,0
retail,retail_pct,1.63969442497088,TRUE,,0.527163265402641,0.527163265402641,0.527163265402641,0.527163265402641,301,0.0260533258512455,0.998596569542516,FALSE,FALSE,FALSE,0
retail,industrial_pct,0.651845383006216,TRUE,,0.120857671705535,0.120857671705535,0.120857671705535,0.120857671705535,113,0.00477255829386157,0.994524778885301,FALSE,FALSE,FALSE,0
retail,parking_pct,0.952829301911509,TRUE,,0.0436629783653773,0.0436629783653773,0.0436629783653773,0.0436629783653773,180,1.00000001800251e-35,0.559068560476746,FALSE,FALSE,FALSE,0
retail,net_to_gross_ratio,1.32808309438486,TRUE,,0.974799644784417,0.974799644784417,0.974799644784417,0.974799644784417,251,0.414014883647576,0.999709338537558,FALSE,FALSE,FALSE,0
retail,log_gross_sqft,0.372024667746531,TRUE,,9.08609120173531,9.08609120173531,9.08609120173531,9.08609120173531,57,7.71355925707468,12.6217944944357,FALSE,FALSE,FALSE,0
retail,log_net_sqft,0.231171519740957,TRUE,,9.05393127855494,9.05393127855494,9.05393127855494,9.05393127855494,38,7.01882680447245,11.3335204601852,FALSE,FALSE,FALSE,0
retail,cs_ret_vacancy_rate,0.875476556298688,FALSE,0.56,0.0190232846782439,0.0696544363680813,0.0646534162676997,0.0655135222607189,115,0.0209749279957679,0.0681447462282247,FALSE,FALSE,FALSE,0
retail,cs_ret_occupancy_rate,0.612898866429059,FALSE,0.56,0.930345555146535,0.980976714028252,0.934486481878493,0.935346576902602,85,0.93185524808036,0.976572338077757,FALSE,FALSE,FALSE,0
retail,cs_ret_asking_rent_sf,0.67456907297422,FALSE,0.84,22.1933333333333,36.4055555555556,36.3688888888889,39.1033333333333,48,22.9955555555556,36.1233333333333,FALSE,FALSE,TRUE,1
retail,cs_ret_asking_rent_growth,1.1280136359967,FALSE,0.5,-0.0171261427458376,0.0132002764277988,0.00395803200080991,0.00530080683529377,200,-0.00433749021613039,0.0131263051492473,FALSE,FALSE,FALSE,0
retail,cs_ret_asking_rent_index,0.208440844651546,FALSE,0.84,92.8584908379449,151.616221110026,151.653557671441,163.421376546224,18,96.134156121148,149.181406656901,FALSE,TRUE,TRUE,2
retail,cs_ret_market_cap_rate,0.478122438008295,FALSE,0.68,0.0551652113596598,0.0759485612312953,0.0498132883674569,0.0524601481027073,85,0.0554660208937195,0.0747802646623718,FALSE,TRUE,TRUE,2
retail,cs_ret_asset_value,0.139870783567868,FALSE,0.84,4897582672,21889649312,12960816864,14919942592,19,5394288128,6052975504,FALSE,FALSE,TRUE,1
retail,cs_ret_sale_price_sf,0.0283567600558105,FALSE,0.84,176.856911111111,392.511588888889,455.369744444444,522.292222222222,4,186.893477777778,215.746072222222,FALSE,TRUE,TRUE,2
retail,cs_ret_sale_price_index,0,FALSE,0.84,89.2972853289689,199.263674631292,229.501828920487,263.393430093081,0,,,FALSE,TRUE,FALSE,1
retail,cs_ret_sale_price_growth,1.35738778305703,FALSE,0.583333333333333,-0.120596964981299,0.153190911704265,0.0190630891109101,0.190325687141582,244,-0.0951749791995892,0.119888105325656,FALSE,FALSE,FALSE,0
retail,cs_ret_net_absorption_sf,1.06042914600098,FALSE,0.64,-686793,289468,-91459,-14605,155,-570956,275256,FALSE,FALSE,FALSE,0
retail,cs_ret_net_delivered_sf,0.864333041418952,FALSE,0.6,-695918,279567,-95173,-10777,162,-519064.5,183245,FALSE,FALSE,FALSE,0
retail,cs_ret_inventory_sf,0.271489760540857,FALSE,0.76,28527011,56885964,28098559,28362587,50,28835583.5,30769636.5,FALSE,TRUE,TRUE,2
retail,cs_ret_demand_sf,2.0237504230585,FALSE,0.64,0,119488786,106341474,107539415,170,1.00000001800251e-35,119160664.5,FALSE,FALSE,FALSE,0
retail,cs_ret_vacant_sf,0.926742361255198,FALSE,0.52,583297,3135495,1507670,1517849,146,584414,1379622,FALSE,FALSE,TRUE,1
hospitality,econ_employment_thous_yoy_lag1,2.95761231314478,FALSE,0.516129032258065,-5.77819154466319,4.450672535107,-0.321892254187872,1.06141238649464,297,-5.42657749196946,3.84616578475878,FALSE,FALSE,FALSE,0
hospitality,econ_services_providing_yoy_lag1,0.740668524344698,FALSE,0.516129032258065,-5.60438210528668,4.81487889273358,-0.460828141380443,1.20600974509146,87,-4.52849298756695,4.23431230328256,FALSE,FALSE,FALSE,0
hospitality,econ_population_thous_yoy_lag1,1.26773847576165,FALSE,0.612903225806452,0.658042751227694,2.26134908906881,0.474282770465395,0.759426836841937,199,0.752660312126397,2.20047786334471,FALSE,FALSE,FALSE,0
hospitality,econ_wholesale_and_retail_trade_yoy_lag1,1.23357813185962,FALSE,0.516129032258065,-6.65337270391532,4.55900120821586,-1.31407924650861,0.317177646280786,139,-6.35710402750245,3.75869877401215,FALSE,FALSE,FALSE,0
hospitality,econ_housing_permits_thous_yoy_lag1,0.961322323631599,FALSE,0.516129032258065,-58.0088944370758,66.2180814354727,0.126853485551282,25.0307357831017,163,-48.6855750985587,57.5794977968891,FALSE,FALSE,FALSE,0
hospitality,econ_seattle_msa_s_p_corelogic_case_shilller_home_price_index_yoy_lag1,0.70462649838051,FALSE,0.516129032258065,-14.338894155444,21.8010251347206,-1.91622950725402,3.48177289743727,124,-6.95522650436449,15.879813315436,FALSE,FALSE,FALSE,0
hospitality,econ_employment_thous_lvl_lag1,1.01181987818661,FALSE,0.741935483870968,1341.18333333333,1781.46666666667,1772.22691666667,1830.29825,124,1346.0875,1779.70833333333,FALSE,FALSE,FALSE,0
hospitality,econ_services_providing_lvl_lag1,0.554864946674489,FALSE,0.806451612903226,1100.925,1534.15833333333,1527.0885,1581.8295,70,1113.44583333333,1529.125,FALSE,FALSE,FALSE,0
hospitality,econ_population_thous_lvl_lag1,0.560861673514299,FALSE,1,2317.76442596637,3293.99567456135,3309.61852850567,3393.49315198473,58,2400.81714928543,3123.6774541782,TRUE,TRUE,TRUE,3
hospitality,econ_seattle_msa_s_p_corelogic_case_shilller_home_price_index_lvl_lag1,0.422028711715709,FALSE,0.774193548387097,96.5298895762196,393.651288142245,382.081125,418.01175,50,136.341151464671,374.014746883575,FALSE,FALSE,TRUE,1
hospitality,n_comm_bldgs,0.14658173141916,TRUE,,1.32084210526316,1.32084210526316,1.32084210526316,1.32084210526316,40,1.5,3.5,FALSE,FALSE,TRUE,1
hospitality,total_gross_sqft,2.61963855635847,TRUE,,18970.5448421053,18970.5448421053,18970.5448421053,18970.5448421053,455,424,839122,FALSE,FALSE,FALSE,0
hospitality,total_net_sqft,1.96116508312101,TRUE,,16296.3621052632,16296.3621052632,16296.3621052632,16296.3621052632,344,424,272401,FALSE,FALSE,FALSE,0
hospitality,max_nbr_stories,1.16024324408294,TRUE,,2.07621052631579,2.07621052631579,2.07621052631579,2.07621052631579,189,1.5,38,FALSE,FALSE,FALSE,0
hospitality,avg_bldg_quality,0.922065306718383,TRUE,,4.33640398226496,4.33640398226496,4.33640398226496,4.33640398226496,179,2.25,7.5,FALSE,FALSE,FALSE,0
hospitality,max_bldg_quality,0.311666915520597,TRUE,,4.39494736842105,4.39494736842105,4.39494736842105,4.39494736842105,58,2.5,7.5,FALSE,FALSE,FALSE,0
hospitality,predominant_use,2.13201881045098,TRUE,,427.933894736842,427.933894736842,427.933894736842,427.933894736842,286,154,921,FALSE,FALSE,FALSE,0
hospitality,constr_class,0.463791557708297,TRUE,,3.63536842105263,3.63536842105263,3.63536842105263,3.63536842105263,102,1.5,4.5,FALSE,FALSE,FALSE,0
hospitality,yr_built_first_comm,3.66753685777588,TRUE,,1961.61010526316,1961.61010526316,1961.61010526316,1961.61010526316,637,1900.5,2020.5,FALSE,FALSE,FALSE,0
hospitality,yr_built_last_comm,3.02355819989728,TRUE,,1965.46694736842,1965.46694736842,1965.46694736842,1965.46694736842,452,1900.5,2018.5,FALSE,FALSE,FALSE,0
hospitality,eff_yr_comm,2.93202463661817,TRUE,,1989.65768421053,1989.65768421053,1989.65768421053,1989.65768421053,493,1.00000001800251e-35,2023.5,FALSE,FALSE,FALSE,0
hospitality,avg_age_comm,1.28908887606564,TRUE,,62.5214654795296,62.5214654795296,62.5214654795296,62.5214654795296,227,6.5,125.5,FALSE,FALSE,FALSE,0
hospitality,min_eff_age_comm,0.450937442484617,TRUE,,36.3423157894737,36.3423157894737,36.3423157894737,36.3423157894737,82,7.5,71.5,FALSE,FALSE,FALSE,0
hospitality,has_sprinklers,0.244805798114024,TRUE,,0.261473684210526,0.261473684210526,0.261473684210526,0.261473684210526,51,1.00000001800251e-35,1.00000001800251e-35,FALSE,FALSE,TRUE,1
hospitality,has_elevators,0.0792149513016547,TRUE,,0.0934736842105263,0.0934736842105263,0.0934736842105263,0.0934736842105263,14,1.00000001800251e-35,1.00000001800251e-35,FALSE,FALSE,TRUE,1
hospitality,pcnt_complete_comm,0.0308234745655536,TRUE,,98.7901754385965,98.7901754385965,98.7901754385965,98.7901754385965,7,1.00000001800251e-35,93.75,FALSE,FALSE,TRUE,1
hospitality,n_sections,0.613575242956031,TRUE,,1.94947368421053,1.94947368421053,1.94947368421053,1.94947368421053,141,1.5,7.5,FALSE,FALSE,FALSE,0
hospitality,n_distinct_uses,0.326564075730249,TRUE,,1.66778947368421,1.66778947368421,1.66778947368421,1.66778947368421,75,1.5,4.5,FALSE,FALSE,FALSE,0
hospitality,sect_gross_sqft,1.27359183078445,TRUE,,18899.2105263158,18899.2105263158,18899.2105263158,18899.2105263158,204,424,1019658.5,FALSE,FALSE,FALSE,0
hospitality,sect_net_sqft,1.16540121036729,TRUE,,16260.9322105263,16260.9322105263,16260.9322105263,16260.9322105263,193,1137.5,282522.5,FALSE,FALSE,FALSE,0
hospitality,office_sqft,0.340584633427233,TRUE,,1318.35663157895,1318.35663157895,1318.35663157895,1318.35663157895,95,1.00000001800251e-35,21325.5,FALSE,FALSE,FALSE,0
hospitality,retail_sqft,3.20318357270131,TRUE,,4253.97768421053,4253.97768421053,4253.97768421053,4253.97768421053,534,1.00000001800251e-35,96362,FALSE,FALSE,FALSE,0
hospitality,industrial_sqft,0.6628754147743,TRUE,,353.673263157895,353.673263157895,353.673263157895,353.673263157895,141,1.00000001800251e-35,6876,FALSE,FALSE,FALSE,0
hospitality,institutional_sqft,4.52352674778397,TRUE,,553.43452631579,553.43452631579,553.43452631579,553.43452631579,299,1035,9342,FALSE,FALSE,TRUE,1
hospitality,parking_sqft,1.40464772754482,TRUE,,12188.2197894737,12188.2197894737,12188.2197894737,12188.2197894737,241,1.00000001800251e-35,324564,FALSE,FALSE,FALSE,0
hospitality,avg_story_height,3.14776009794674,TRUE,,10.6174780544641,10.6174780544641,10.6174780544641,10.6174780544641,598,7.38477191413238,21.4047619047619,FALSE,FALSE,FALSE,0
hospitality,parking_garage_sqft,0,TRUE,,38.4858947368421,38.4858947368421,38.4858947368421,38.4858947368421,0,,,FALSE,FALSE,FALSE,0
hospitality,surface_parking_sqft,0.101263537273123,TRUE,,5.65221052631579,5.65221052631579,5.65221052631579,5.65221052631579,35,1.00000001800251e-35,1363,FALSE,FALSE,FALSE,0
hospitality,canopy_sqft,0.0408175523088436,TRUE,,15.2816842105263,15.2816842105263,15.2816842105263,15.2816842105263,15,1.00000001800251e-35,1715,FALSE,FALSE,FALSE,0
hospitality,other_feature_sqft,0.0661333530915469,TRUE,,13.3044210526316,13.3044210526316,13.3044210526316,13.3044210526316,18,1.00000001800251e-35,805,FALSE,FALSE,FALSE,0
hospitality,total_feature_sqft,0.141310219786894,TRUE,,72.7242105263158,72.7242105263158,72.7242105263158,72.7242105263158,33,1.00000001800251e-35,2778,FALSE,FALSE,FALSE,0
hospitality,total_parking_sqft,0.0685653414492711,TRUE,,59.4197894736842,59.4197894736842,59.4197894736842,59.4197894736842,20,1.00000001800251e-35,2220,FALSE,FALSE,FALSE,0
hospitality,office_pct,0.17058851627844,TRUE,,0.0543518440781785,0.0543518440781785,0.0543518440781785,0.0543518440781785,38,1.00000001800251e-35,0.612138406670119,FALSE,FALSE,FALSE,0
hospitality,retail_pct,1.84043394095958,TRUE,,0.606498591948814,0.606498591948814,0.606498591948814,0.606498591948814,272,0.0177904463722857,0.981083605791686,FALSE,FALSE,FALSE,0
hospitality,industrial_pct,0.547833826651199,TRUE,,0.054140961927079,0.054140961927079,0.054140961927079,0.054140961927079,112,1.00000001800251e-35,0.98728813559322,FALSE,FALSE,FALSE,0
hospitality,parking_pct,1.69696916386513,TRUE,,0.168885402922518,0.168885402922518,0.168885402922518,0.168885402922518,231,0.0508142650999794,0.995430697918311,FALSE,FALSE,FALSE,0
hospitality,net_to_gross_ratio,1.35590065366129,TRUE,,0.961450953719087,0.961450953719087,0.961450953719087,0.961450953719087,259,0.447032011695366,0.998529411764706,FALSE,FALSE,FALSE,0
hospitality,log_gross_sqft,0.183471615081406,TRUE,,8.46236601498409,8.46236601498409,8.46236601498409,8.46236601498409,35,7.06859698855603,12.1318144072544,FALSE,FALSE,FALSE,0
hospitality,log_net_sqft,0.296553694597463,TRUE,,8.41590116813164,8.41590116813164,8.41590116813164,8.41590116813164,37,7.28000730294548,11.9738870242513,FALSE,FALSE,FALSE,0
hospitality,cs_hosp_adr,0.721135435819056,FALSE,0.709677419354839,100.1006,173.2645,180.3176,192.2814,96,109.71705,167.9902,FALSE,TRUE,TRUE,2
hospitality,cs_hosp_revpar,1.30200394088241,FALSE,0.741935483870968,20.1502,113.8418,95.3861,101.9359,120,47.38455,110.3402,FALSE,FALSE,FALSE,0
hospitality,cs_hosp_occupancy,0.568430900593171,FALSE,0.67741935483871,0.2013,0.6812,0.529,0.5356,96,0.36135,0.6807,FALSE,FALSE,FALSE,0
hospitality,cs_hosp_market_cap_rate,0.645607788666925,FALSE,0.714285714285714,0.0706,0.0999,0.081,0.0814,110,0.0708,0.08465,FALSE,FALSE,FALSE,0
hospitality,cs_hosp_sale_price_room,0.330084934049511,FALSE,0.766666666666667,122288.6003,349483.1841,327317.3114,354800.3044,58,133936.2368,346283.2503,FALSE,FALSE,FALSE,0
hospitality,cs_hosp_sale_price_room_growth,0.81712243032989,FALSE,0.6,-0.4979,0.0138,2e-04,0.0023,161,-0.0227,0.0136,FALSE,FALSE,FALSE,0
hospitality,cs_hosp_cap_rate_growth,0.951175385399514,FALSE,0.533333333333333,-0.0043,0.0054,-4e-04,-1e-04,155,-0.00405,0.0053,FALSE,FALSE,FALSE,0
hospitality,cs_hosp_asset_value,0.0404018438094701,FALSE,0.774193548387097,0,6373874311.7862,5969613124.5975,6470847952.2017,6,2856830142.8502,6177164230.59515,FALSE,FALSE,FALSE,0
hospitality,cs_hosp_avg_rooms_bldg,0.332709358602194,FALSE,0.84,148.8732,196.4457,196.4457,196.4457,51,157.4474,192.67365,FALSE,FALSE,TRUE,1
hospitality,cs_hosp_inventory_rooms,0.212414831276292,FALSE,0.72,10570,18073,18073,18073,42,11545.5,17149,FALSE,FALSE,TRUE,1
hospitality,cs_hosp_existing_bldgs,0.143471141828191,FALSE,0.6875,70,92,92,92,30,70.5,76.5,FALSE,FALSE,TRUE,1
hospitality,cs_hosp_under_constr_bldgs,0.115370639351167,FALSE,0.583333333333333,0,7,0,0,15,1.5,6.5,FALSE,FALSE,TRUE,1
hospitality,cs_hosp_under_constr_rooms,0.133667696760969,FALSE,0.533333333333333,0,2470,0,0,29,74.5,758,FALSE,FALSE,TRUE,1
hospitality,cs_hosp_12m_adr,0.336724908880359,FALSE,0.741935483870968,123.2934,227.8673,232.0894,246.5748,43,126.66265,227.3294,FALSE,TRUE,TRUE,2
hospitality,cs_hosp_12m_revpar,0.355128451168588,FALSE,0.67741935483871,32.2444,176.0982,164.964,177.185,62,77.31925,164.5207,FALSE,FALSE,TRUE,1
hospitality,cs_hosp_12m_occupancy,0.262932420824658,FALSE,0.612903225806452,0.2407,0.8297,0.71,0.7198,43,0.65695,0.80855,FALSE,FALSE,FALSE,0
hospitality,cs_hosp_12m_revenue,0.313714477959917,FALSE,0.806451612903226,166948667.11,1053754079.27,1080584555.36,1160637461.05,40,343169074.5,1050113523.89,FALSE,TRUE,TRUE,2
hospitality,cs_hosp_12m_demand,0.201489046433038,FALSE,0.806451612903226,1246132.1724,4874250,4647066,4714992,35,2807942,4749335.18965,FALSE,FALSE,FALSE,0
hospitality,cs_hosp_12m_supply,0.133700891503165,FALSE,0.821428571428571,3750476,6483950,6545435,6550426,35,4250378.5,6415849.5,FALSE,TRUE,TRUE,2
hospitality,cs_hosp_12m_adr_chg,0.550693234198395,FALSE,0.548387096774194,-0.3418,0.3315,-0.0064,0.03,90,-0.0504,0.26335,FALSE,FALSE,FALSE,0
hospitality,cs_hosp_12m_revpar_chg,0.430957371494679,FALSE,0.612903225806452,-0.7987,1.2615,-0.0053,0.0276,71,-0.056,0.14125,FALSE,FALSE,FALSE,0
hospitality,cs_hosp_12m_occupancy_chg,0.608341057961242,FALSE,0.516129032258065,-0.6942,0.8922,-0.0023,0.0075,92,-0.03255,0.06135,FALSE,FALSE,FALSE,0
hospitality,cs_hosp_12m_revenue_chg,0.338808449125078,FALSE,0.612903225806452,-0.8317,1.6131,-0.0045,0.0373,52,-0.00405,0.12675,FALSE,FALSE,FALSE,0
hospitality,cs_hosp_12m_demand_chg,0.564125975540737,FALSE,0.612903225806452,-0.7443,1.1863,-0.0017,0.0075,90,0.0177,0.0866,FALSE,FALSE,TRUE,1
hospitality,cs_hosp_12m_supply_chg,1.22183623884893,FALSE,0.620689655172414,-0.1639,0.1555,0,0.0095,197,-0.0153,0.0946,FALSE,FALSE,FALSE,0
hospitality,cs_hosp_12m_delivered_rooms,0.687923133718896,FALSE,0.5,0,2574,0,0,100,1.00000001800251e-35,842,FALSE,FALSE,TRUE,1
hospitality,cs_hosp_12m_inventory_growth,0.607778169632787,FALSE,0.555555555555556,-0.0215,0.1589,0,0,128,-0.01635,0.0551,FALSE,FALSE,FALSE,0
hospitality,cs_hosp_12m_sales_volume,1.56997064191733,FALSE,0.538461538461538,0,387850400,0,0,152,975000,275739702.5,FALSE,FALSE,TRUE,1
hospitality,cs_hosp_12m_transactions,0.406162097425766,FALSE,0.56,0,8,0,0,64,1.5,7.5,FALSE,FALSE,TRUE,1
hospitality,cs_hosp_adr_chg_yoy,0.494235229325309,FALSE,0.516129032258065,-0.38,0.3923,0.0012,0.0407,79,-0.09435,0.11405,FALSE,FALSE,FALSE,0
hospitality,cs_hosp_revpar_chg_yoy,0.515064666983625,FALSE,0.612903225806452,-0.802,1.1475,0.0032,0.0576,97,-0.25275,0.19865,FALSE,FALSE,FALSE,0
hospitality,cs_hosp_occupancy_chg_yoy,0.742219209074353,FALSE,0.709677419354839,-0.6807,0.5424,-0.0102,0.0162,111,-0.1923,0.14505,FALSE,FALSE,FALSE,0
hospitality,cs_hosp_revenue_chg_yoy,0.409803369765219,FALSE,0.645161290322581,-0.8195,1.2854,0.0032,0.0556,69,-0.02495,0.2196,FALSE,FALSE,FALSE,0
hospitality,cs_hosp_demand_chg_yoy,1.00160960968764,FALSE,0.67741935483871,-0.7088,0.6415,-0.0102,0.0143,119,-0.00395,0.13815,FALSE,FALSE,FALSE,0
hospitality,cs_hosp_supply_chg_yoy,0.556477460475181,FALSE,0.571428571428571,-0.0881,0.1595,-0.0019,0,98,-0.01635,0.0736,FALSE,FALSE,FALSE,0
hospitality,cs_hosp_revenue,0.0146139140493706,FALSE,0.806451612903226,166948667.11,1053754079.27,1080584555.36,1160637461.05,5,349639364.5,984606689.355,FALSE,TRUE,TRUE,2
hospitality,cs_hosp_demand,0.0125436635155322,FALSE,0.806451612903226,1246132.1724,4874250,4647066,4714992,4,2729245.5862,4558679.5,FALSE,FALSE,TRUE,1
hospitality,cs_hosp_supply,0.0261798236268799,FALSE,0.821428571428571,3750476,6483950,6545435,6550426,7,4280657.5,4911552,FALSE,TRUE,TRUE,2
medical,econ_employment_thous_yoy_lag1,4.25042340771884,FALSE,0.516129032258065,-5.77819154466319,4.450672535107,-0.321892254187872,1.06141238649464,632,-5.42657749196946,3.84616578475878,FALSE,FALSE,FALSE,0
medical,econ_services_providing_yoy_lag1,2.34942203291246,FALSE,0.516129032258065,-5.60438210528668,4.81487889273358,-0.460828141380443,1.20600974509146,340,-4.52849298756695,4.23431230328256,FALSE,FALSE,FALSE,0
medical,econ_population_thous_yoy_lag1,3.25174559479082,FALSE,0.612903225806452,0.658042751227694,2.26134908906881,0.474282770465395,0.759426836841937,503,0.752660312126397,2.20047786334471,FALSE,FALSE,FALSE,0
medical,econ_wholesale_and_retail_trade_yoy_lag1,2.2819719286297,FALSE,0.516129032258065,-6.65337270391532,4.55900120821586,-1.31407924650861,0.317177646280786,376,-6.35710402750245,3.75869877401215,FALSE,FALSE,FALSE,0
medical,econ_housing_permits_thous_yoy_lag1,2.71461672081243,FALSE,0.516129032258065,-58.0088944370758,66.2180814354727,0.126853485551282,25.0307357831017,498,-35.4632639858809,57.5794977968891,FALSE,FALSE,FALSE,0
medical,econ_seattle_msa_s_p_corelogic_case_shilller_home_price_index_yoy_lag1,4.82470045719389,FALSE,0.516129032258065,-14.338894155444,21.8010251347206,-1.91622950725402,3.48177289743727,644,-10.8375335014507,15.879813315436,FALSE,FALSE,FALSE,0
medical,econ_employment_thous_lvl_lag1,2.91083188228942,FALSE,0.741935483870968,1341.18333333333,1781.46666666667,1772.22691666667,1830.29825,513,1346.0875,1779.70833333333,FALSE,FALSE,FALSE,0
medical,econ_services_providing_lvl_lag1,1.27222458949871,FALSE,0.806451612903226,1100.925,1534.15833333333,1527.0885,1581.8295,211,1113.44583333333,1529.125,FALSE,FALSE,FALSE,0
medical,econ_population_thous_lvl_lag1,1.03540838449499,FALSE,1,2317.76442596637,3293.99567456135,3309.61852850567,3393.49315198473,188,2400.81714928543,3241.30691699539,TRUE,TRUE,TRUE,3
medical,econ_seattle_msa_s_p_corelogic_case_shilller_home_price_index_lvl_lag1,2.18055604269896,FALSE,0.774193548387097,96.5298895762196,393.651288142245,382.081125,418.01175,289,112.1874983777,374.014746883575,FALSE,FALSE,TRUE,1
medical,n_comm_bldgs,0.161129528222716,TRUE,,1.23753280839895,1.23753280839895,1.23753280839895,1.23753280839895,36,1.5,2.5,FALSE,FALSE,TRUE,1
medical,total_gross_sqft,4.85714234619113,TRUE,,38034.56167979,38034.56167979,38034.56167979,38034.56167979,638,1129.5,660498,FALSE,FALSE,FALSE,0
medical,total_net_sqft,2.58182936348057,TRUE,,34415.6719160105,34415.6719160105,34415.6719160105,34415.6719160105,324,1188.5,313146.5,FALSE,FALSE,FALSE,0
medical,max_nbr_stories,0.70585485126226,TRUE,,1.88713910761155,1.88713910761155,1.88713910761155,1.88713910761155,127,1.5,9,FALSE,FALSE,FALSE,0
medical,avg_bldg_quality,1.04880172112178,TRUE,,4.62235430798423,4.62235430798423,4.62235430798423,4.62235430798423,197,2.33333333333333,7.5,FALSE,FALSE,FALSE,0
medical,max_bldg_quality,0.226071585371095,TRUE,,4.66535433070866,4.66535433070866,4.66535433070866,4.66535433070866,45,2.5,6.5,FALSE,FALSE,FALSE,0
medical,predominant_use,1.15129652120795,TRUE,,376.178477690289,376.178477690289,376.178477690289,376.178477690289,217,316.5,685.5,FALSE,FALSE,FALSE,0
medical,constr_class,0.628124163404651,TRUE,,3.47769028871391,3.47769028871391,3.47769028871391,3.47769028871391,119,1.5,4.5,FALSE,FALSE,FALSE,0
medical,yr_built_first_comm,3.24926891566757,TRUE,,1973.14435695538,1973.14435695538,1973.14435695538,1973.14435695538,546,1901,2014,FALSE,FALSE,FALSE,0
medical,yr_built_last_comm,2.81128478496127,TRUE,,1975.24671916011,1975.24671916011,1975.24671916011,1975.24671916011,421,1902.5,2014,FALSE,FALSE,FALSE,0
medical,eff_yr_comm,2.82575488210284,TRUE,,1998.71391076116,1998.71391076116,1998.71391076116,1998.71391076116,456,1967,2019,FALSE,FALSE,FALSE,0
medical,avg_age_comm,0.985033818726968,TRUE,,51.7737547011169,51.7737547011169,51.7737547011169,51.7737547011169,169,24.5,113,FALSE,FALSE,FALSE,0
medical,min_eff_age_comm,0.739798884976261,TRUE,,27.2860892388451,27.2860892388451,27.2860892388451,27.2860892388451,105,16.5,59,FALSE,FALSE,FALSE,0
medical,has_sprinklers,0.640587932497164,TRUE,,0.335958005249344,0.335958005249344,0.335958005249344,0.335958005249344,67,1.00000001800251e-35,1.00000001800251e-35,FALSE,FALSE,TRUE,1
medical,has_elevators,0.0483550896859632,TRUE,,0.211286089238845,0.211286089238845,0.211286089238845,0.211286089238845,11,1.00000001800251e-35,1.00000001800251e-35,FALSE,FALSE,TRUE,1
medical,pcnt_complete_comm,0,TRUE,,99.8307086614173,99.8307086614173,99.8307086614173,99.8307086614173,0,,,FALSE,FALSE,FALSE,0
medical,n_sections,0.735460352058569,TRUE,,1.89370078740157,1.89370078740157,1.89370078740157,1.89370078740157,116,1.5,5.5,FALSE,FALSE,FALSE,0
medical,n_distinct_uses,0.478109790548125,TRUE,,1.61679790026247,1.61679790026247,1.61679790026247,1.61679790026247,92,1.5,4.5,FALSE,FALSE,FALSE,0
medical,sect_gross_sqft,0.931374355077443,TRUE,,38004.7112860892,38004.7112860892,38004.7112860892,38004.7112860892,133,1188.5,399724.5,FALSE,FALSE,FALSE,0
medical,sect_net_sqft,0.489424355056825,TRUE,,34393.2047244095,34393.2047244095,34393.2047244095,34393.2047244095,67,1495,358131,FALSE,FALSE,FALSE,0
medical,office_sqft,0.0795502557860065,TRUE,,12672.9265091864,12672.9265091864,12672.9265091864,12672.9265091864,25,1.00000001800251e-35,347648,FALSE,FALSE,FALSE,0
medical,retail_sqft,3.38406194586224,TRUE,,16206.2913385827,16206.2913385827,16206.2913385827,16206.2913385827,501,1.00000001800251e-35,305038.5,FALSE,FALSE,FALSE,0
medical,industrial_sqft,1.17928897209266,TRUE,,3574.42388451444,3574.42388451444,3574.42388451444,3574.42388451444,207,790,188811,FALSE,FALSE,FALSE,0
medical,institutional_sqft,0,TRUE,,318.150918635171,318.150918635171,318.150918635171,318.150918635171,0,,,FALSE,FALSE,FALSE,0
medical,parking_sqft,1.83290310665157,TRUE,,4768.48687664042,4768.48687664042,4768.48687664042,4768.48687664042,317,1.00000001800251e-35,185359.5,FALSE,FALSE,FALSE,0
medical,avg_story_height,3.9174635628525,TRUE,,10.6467632609597,10.6467632609597,10.6467632609597,10.6467632609597,603,8.07142857142857,15.8556991988347,FALSE,FALSE,FALSE,0
medical,parking_garage_sqft,0,TRUE,,9.78083989501312,9.78083989501312,9.78083989501312,9.78083989501312,0,,,FALSE,FALSE,FALSE,0
medical,surface_parking_sqft,0,TRUE,,0.188976377952756,0.188976377952756,0.188976377952756,0.188976377952756,0,,,FALSE,FALSE,FALSE,0
medical,canopy_sqft,0.0918920231768327,TRUE,,22.3661417322835,22.3661417322835,22.3661417322835,22.3661417322835,36,1.00000001800251e-35,830,FALSE,FALSE,FALSE,0
medical,other_feature_sqft,0,TRUE,,1.24146981627297,1.24146981627297,1.24146981627297,1.24146981627297,0,,,FALSE,FALSE,FALSE,0
medical,total_feature_sqft,0.0198061644488046,TRUE,,33.5774278215223,33.5774278215223,33.5774278215223,33.5774278215223,4,1.00000001800251e-35,1.00000001800251e-35,FALSE,FALSE,TRUE,1
medical,total_parking_sqft,0.0203247469589274,TRUE,,32.3359580052493,32.3359580052493,32.3359580052493,32.3359580052493,4,830,830,FALSE,FALSE,TRUE,1
medical,office_pct,0.240598568814456,TRUE,,0.0584321936297704,0.0584321936297704,0.0584321936297704,0.0584321936297704,49,0.0861338011648157,0.991167324392297,FALSE,FALSE,TRUE,1
medical,retail_pct,1.95062132049608,TRUE,,0.644693216610426,0.644693216610426,0.644693216610426,0.644693216610426,291,1.00000001800251e-35,0.991199595649653,FALSE,FALSE,FALSE,0
medical,industrial_pct,0.705550027597633,TRUE,,0.176190518179206,0.176190518179206,0.176190518179206,0.176190518179206,148,1.00000001800251e-35,0.970871327254306,FALSE,FALSE,FALSE,0
medical,parking_pct,2.18273805199452,TRUE,,0.0785658541727217,0.0785658541727217,0.0785658541727217,0.0785658541727217,351,1.00000001800251e-35,0.501217588146522,FALSE,FALSE,FALSE,0
medical,net_to_gross_ratio,1.34224947445272,TRUE,,0.936663867107054,0.936663867107054,0.936663867107054,0.936663867107054,272,0.423322920658576,0.991062039957939,FALSE,FALSE,FALSE,0
medical,log_gross_sqft,0.0467693908943287,TRUE,,9.10470388140454,9.10470388140454,9.10470388140454,9.10470388140454,8,7.15850642713469,12.5778156312384,FALSE,FALSE,FALSE,0
medical,log_net_sqft,0.0439872187752982,TRUE,,9.01505718372806,9.01505718372806,9.01505718372806,9.01505718372806,8,7.57090005257357,13.0626608000882,FALSE,FALSE,FALSE,0
